-- phpMyAdmin SQL Dump
-- version 5.2.0
-- https://www.phpmyadmin.net/
--
-- Host: localhost:3306
-- Generation Time: Dec 25, 2023 at 08:43 PM
-- Server version: 8.0.30
-- PHP Version: 8.1.10

SET SQL_MODE = "NO_AUTO_VALUE_ON_ZERO";
START TRANSACTION;
SET time_zone = "+00:00";


/*!40101 SET @OLD_CHARACTER_SET_CLIENT=@@CHARACTER_SET_CLIENT */;
/*!40101 SET @OLD_CHARACTER_SET_RESULTS=@@CHARACTER_SET_RESULTS */;
/*!40101 SET @OLD_COLLATION_CONNECTION=@@COLLATION_CONNECTION */;
/*!40101 SET NAMES utf8mb4 */;

--
-- Database: `sneaker_shop`
--

-- --------------------------------------------------------

--
-- Table structure for table `brands`
--

CREATE TABLE `brands` (
  `brand_id` char(36) COLLATE utf8mb4_unicode_ci NOT NULL,
  `brand_name` varchar(50) COLLATE utf8mb4_unicode_ci NOT NULL,
  `created_at` timestamp NULL DEFAULT NULL,
  `updated_at` timestamp NULL DEFAULT NULL
) ENGINE=InnoDB DEFAULT CHARSET=utf8mb4 COLLATE=utf8mb4_unicode_ci;

--
-- Dumping data for table `brands`
--

INSERT INTO `brands` (`brand_id`, `brand_name`, `created_at`, `updated_at`) VALUES
('0149a509-9bb8-4524-8b0f-84c48d27ed7f', 'Converse', '2023-12-06 14:19:28', '2023-12-06 14:19:28'),
('32599bb5-661c-4526-950d-a636d05b9630', 'New Balance', '2023-12-06 14:19:59', '2023-12-06 14:19:59'),
('32e3c6fc-88a9-4f6d-b1e8-efe4f403bb07', 'Jordan', '2023-12-06 14:17:37', '2023-12-06 14:17:37'),
('3ef050cf-31e7-48d4-b7f3-c2e60116f035', 'Nike', '2023-12-06 14:17:51', '2023-12-06 14:17:51'),
('8e10495c-917e-4112-84d2-49b7288c656a', 'MLB', '2023-12-24 20:03:24', '2023-12-24 20:03:24'),
('e74f6c34-fdb3-4154-a024-7ad9b4d31abd', 'Adidas', '2023-12-06 14:17:48', '2023-12-06 14:17:48');

-- --------------------------------------------------------

--
-- Table structure for table `categories`
--

CREATE TABLE `categories` (
  `category_id` char(36) COLLATE utf8mb4_unicode_ci NOT NULL,
  `category_name` varchar(50) COLLATE utf8mb4_unicode_ci NOT NULL,
  `created_at` timestamp NULL DEFAULT NULL,
  `updated_at` timestamp NULL DEFAULT NULL
) ENGINE=InnoDB DEFAULT CHARSET=utf8mb4 COLLATE=utf8mb4_unicode_ci;

--
-- Dumping data for table `categories`
--

INSERT INTO `categories` (`category_id`, `category_name`, `created_at`, `updated_at`) VALUES
('3242b7c7-b91c-483f-ae41-49324e83b66e', 'Tennis', '2023-12-06 14:22:49', '2023-12-06 14:22:49'),
('43bb4b5f-4978-4330-9f27-ebae79a907a0', 'LifeStyle', '2023-12-23 22:20:25', '2023-12-23 22:20:25'),
('4ac0cd63-927a-43a4-a165-1507c1cfc78c', 'Football', '2023-12-07 22:03:08', '2023-12-07 22:03:08'),
('6707e838-ee4f-4baf-8e09-1aba1af255ae', 'Training & Gym', '2023-12-06 14:22:44', '2023-12-06 14:22:44'),
('90d68216-2cd9-4e00-b592-95bcdc69f7de', 'Running', '2023-12-06 14:22:07', '2023-12-06 14:22:07'),
('e0c300ca-9c34-4172-bb96-a2ef9c96692f', 'Basketball', '2023-12-06 14:22:15', '2023-12-06 14:22:15'),
('f481b673-2193-4b97-a1ff-d74a6821ad07', 'Golf', '2023-12-06 14:22:22', '2023-12-06 14:22:22');

-- --------------------------------------------------------

--
-- Table structure for table `customers`
--

CREATE TABLE `customers` (
  `customer_id` char(36) COLLATE utf8mb4_unicode_ci NOT NULL,
  `fullName` varchar(255) COLLATE utf8mb4_unicode_ci NOT NULL,
  `phone` varchar(20) COLLATE utf8mb4_unicode_ci DEFAULT NULL,
  `address` text COLLATE utf8mb4_unicode_ci,
  `birthDay` date DEFAULT NULL,
  `gender` varchar(10) COLLATE utf8mb4_unicode_ci DEFAULT NULL,
  `avatar` varchar(255) COLLATE utf8mb4_unicode_ci NOT NULL DEFAULT 'defaultavt.png',
  `email` varchar(255) COLLATE utf8mb4_unicode_ci NOT NULL,
  `password` varchar(255) COLLATE utf8mb4_unicode_ci NOT NULL,
  `created_at` timestamp NULL DEFAULT NULL,
  `updated_at` timestamp NULL DEFAULT NULL
) ENGINE=InnoDB DEFAULT CHARSET=utf8mb4 COLLATE=utf8mb4_unicode_ci;

--
-- Dumping data for table `customers`
--

INSERT INTO `customers` (`customer_id`, `fullName`, `phone`, `address`, `birthDay`, `gender`, `avatar`, `email`, `password`, `created_at`, `updated_at`) VALUES
('1c6dc0bd-5994-4317-af9d-768695733ce4', 'Phạm Thị Thu Hương', '0934567890', 'Vĩnh Phúc', '1994-06-05', 'Female', 'huong_avatar.png', 'huongpham@gmail.com', '$2y$12$j0i69aJbxG6AzluUxea4QuriNpGKSKdU/zjSYqzrHMNcAohacmO.W', '2023-12-23 15:50:00', '2023-12-23 19:07:30'),
('2a18f5c0-5270-4b33-9f11-1648e81e7c33', 'Trần Thị Thu Hà', '0967123456', 'Bắc Ninh', '1987-03-12', 'Female', 'havatar.png', 'hathu@gmail.com', '$2y$12$j0i69aJbxG6AzluUxea4QuriNpGKSKdU/zjSYqzrHMNcAohacmO.W', '2023-12-23 15:40:00', '2023-12-23 18:57:00'),
('3f8c9a22-5d03-4b58-9bbf-d3a5fe1e2d1a', 'Lê Văn Anh', '0978123456', 'Hồ Chí Minh', '1988-08-20', 'Male', 'anh_avatar.png', 'anhle@gmail.com', '$2y$12$j0i69aJbxG6AzluUxea4QuriNpGKSKdU/zjSYqzrHMNcAohacmO.W', '2023-12-23 15:10:00', '2023-12-23 18:25:30'),
('4e3d9e27-6f3c-4cb4-b36c-4a308b0771d6', 'Vũ Thị Hương', '0987654321', 'Ninh Bình', '1993-07-18', 'Female', 'vu_avatar.png', 'vuhuong@gmail.com', '$2y$12$j0i69aJbxG6AzluUxea4QuriNpGKSKdU/zjSYqzrHMNcAohacmO.W', '2023-12-23 15:30:00', '2023-12-23 18:46:30'),
('815e6ba2-10ec-4414-a884-50abf41b8dc6', 'Nguyễn Hoài Duy', NULL, NULL, '2002-11-06', 'Male', 'avatar.png', 'zduy55@gmail.com', '$2y$12$vWPOa0O5o2Oqq3oELInd0Og1hn8ZuLqmoGKNjzBwpaji9Uyg4xhcG', '2023-12-24 19:56:49', '2023-12-24 19:58:02'),
('8e8c38d8-67d6-4333-991a-94d1d3e90f53', 'Nguyễn Hoài Duy', '0934578345', 'Ninh Hòa - Khánh Hòa', '2002-11-06', 'Male', 'avatar.png', 'zduy116@gmail.com', '$2y$12$j0i69aJbxG6AzluUxea4QuriNpGKSKdU/zjSYqzrHMNcAohacmO.W', '2023-12-23 22:01:00', '2023-12-24 01:13:07'),
('a7f1d3ae-58b2-4c7f-b072-93b05c5f92d1', 'Phạm Văn Bình', '0948234567', 'Quảng Ninh', '1985-04-25', 'Male', 'binh_avatar.png', 'binhpham@gmail.com', '$2y$12$j0i69aJbxG6AzluUxea4QuriNpGKSKdU/zjSYqzrHMNcAohacmO.W', '2023-12-23 15:20:00', '2023-12-23 18:36:00'),
('b9e5120e-2ecf-4d7c-8039-12aebd2d3eac', 'Nguyễn Thị Hương', '0967123456', 'Đà Nẵng', '1990-02-10', 'Female', 'huong_avatar.png', 'huongnguyen@gmail.com', '$2y$12$j0i69aJbxG6AzluUxea4QuriNpGKSKdU/zjSYqzrHMNcAohacmO.W', '2023-12-23 15:15:00', '2023-12-23 18:30:45'),
('c6dc0488-045a-4e14-96e8-0b71f2b2a406', 'Đỗ Thị Linh', '0934567890', 'Hải Phòng', '1998-12-03', 'Female', 'linh_avatar.png', 'linhdo@gmail.com', '$2y$12$j0i69aJbxG6AzluUxea4QuriNpGKSKdU/zjSYqzrHMNcAohacmO.W', '2023-12-23 15:25:00', '2023-12-23 18:41:15'),
('d5fbc1e3-d481-4b61-9101-40ff83e00221', 'Nguyễn Văn Tuấn', '0978123456', 'Thái Bình', '1991-10-08', 'Male', 'tuan_avatar.png', 'tuannguyen@gmail.com', '$2y$12$j0i69aJbxG6AzluUxea4QuriNpGKSKdU/zjSYqzrHMNcAohacmO.W', '2023-12-23 15:35:00', '2023-12-23 18:51:45'),
('e34c6d7a-0d23-4e50-bdab-981e3fc63cc7', 'Trần Thị Mai', '0987654321', 'Hà Nội', '1995-05-15', 'Female', 'mai_avatar.png', 'maimai@gmail.com', '$2y$12$j0i69aJbxG6AzluUxea4QuriNpGKSKdU/zjSYqzrHMNcAohacmO.W', '2023-12-23 15:05:00', '2023-12-23 18:20:15'),
('f9f6c346-20d7-4a7e-aa4d-87edbf7e1d5b', 'Lê Văn Đức', '0948234567', 'Nam Định', '1996-09-28', 'Male', 'duc_avatar.png', 'ducle@gmail.com', '$2y$12$j0i69aJbxG6AzluUxea4QuriNpGKSKdU/zjSYqzrHMNcAohacmO.W', '2023-12-23 15:45:00', '2023-12-23 19:02:15');

-- --------------------------------------------------------

--
-- Table structure for table `detail_orders`
--

CREATE TABLE `detail_orders` (
  `order_id` char(36) COLLATE utf8mb4_unicode_ci NOT NULL,
  `product_id` char(36) COLLATE utf8mb4_unicode_ci NOT NULL,
  `attribute_id` char(36) COLLATE utf8mb4_unicode_ci NOT NULL,
  `quantity` int NOT NULL,
  `price` decimal(13,0) NOT NULL,
  `notes` text COLLATE utf8mb4_unicode_ci,
  `created_at` timestamp NULL DEFAULT NULL,
  `updated_at` timestamp NULL DEFAULT NULL
) ENGINE=InnoDB DEFAULT CHARSET=utf8mb4 COLLATE=utf8mb4_unicode_ci;

--
-- Dumping data for table `detail_orders`
--

INSERT INTO `detail_orders` (`order_id`, `product_id`, `attribute_id`, `quantity`, `price`, `notes`, `created_at`, `updated_at`) VALUES
('99ea3155-d711-4345-9fcd-a6d294d79eb7', '22709097-e2b6-4a1a-ac72-addbacf61d08', 'cb88b31c-6c43-4a84-99e6-376f0a96a0df', 5, '2929000', '', '2023-12-24 18:52:04', '2023-12-24 18:52:04'),
('99ea3155-d711-4345-9fcd-a6d294d79eb7', '3489f4fc-0ea8-437f-a7ff-d2005e4f0286', 'e0aeed69-00d7-4511-8e9c-1719d85c79d1', 1, '3300000', '', '2023-12-24 18:52:04', '2023-12-24 18:52:04'),
('b3242b71-1d5d-4e9b-9263-c6fef347d29a', '005c13f1-5d88-48a2-b5df-7c632139cf5d', 'e31d97b8-a93b-4bd7-bfb2-17c39acfa900', 3, '4079000', '', '2023-12-24 20:07:34', '2023-12-24 20:07:34'),
('b3242b71-1d5d-4e9b-9263-c6fef347d29a', '0a91236a-fb6e-4408-acd5-f2132450755f', '41fc2811-a0bf-4f84-aaf3-83016f613fb3', 1, '4409000', '', '2023-12-24 20:07:34', '2023-12-24 20:07:34');

-- --------------------------------------------------------

--
-- Table structure for table `migrations`
--

CREATE TABLE `migrations` (
  `id` int UNSIGNED NOT NULL,
  `migration` varchar(255) COLLATE utf8mb4_unicode_ci NOT NULL,
  `batch` int NOT NULL
) ENGINE=InnoDB DEFAULT CHARSET=utf8mb4 COLLATE=utf8mb4_unicode_ci;

--
-- Dumping data for table `migrations`
--

INSERT INTO `migrations` (`id`, `migration`, `batch`) VALUES
(1, '2019_12_14_000001_create_personal_access_tokens_table', 1),
(2, '2023_11_29_181449_create_brands_table', 1),
(3, '2023_11_29_181622_create_categories_table', 1),
(4, '2023_11_29_181623_create_customers_table', 1),
(5, '2023_11_29_181635_create_orders_table', 1),
(6, '2023_12_03_070645_create_products_table', 1),
(7, '2023_12_09_182044_create_types_table', 1),
(8, '2023_12_09_182045_create_product_attributes_table', 1),
(9, '2023_12_11_174318_create_users_table', 1),
(10, '2023_12_12_181822_create_detail_orders_table', 1);

-- --------------------------------------------------------

--
-- Table structure for table `orders`
--

CREATE TABLE `orders` (
  `order_id` char(36) COLLATE utf8mb4_unicode_ci NOT NULL,
  `customer_id` char(36) COLLATE utf8mb4_unicode_ci NOT NULL,
  `order_date` date NOT NULL DEFAULT '2023-12-24',
  `delivery_date` date DEFAULT NULL,
  `status` varchar(255) COLLATE utf8mb4_unicode_ci NOT NULL DEFAULT 'Pending',
  `created_at` timestamp NULL DEFAULT NULL,
  `updated_at` timestamp NULL DEFAULT NULL
) ;

--
-- Dumping data for table `orders`
--

INSERT INTO `orders` (`order_id`, `customer_id`, `order_date`, `delivery_date`, `status`, `created_at`, `updated_at`) VALUES
('99ea3155-d711-4345-9fcd-a6d294d79eb7', '8e8c38d8-67d6-4333-991a-94d1d3e90f53', '2023-12-25', '2023-12-25', 'Completely payment', '2023-12-24 18:52:04', '2023-12-24 18:52:04'),
('b3242b71-1d5d-4e9b-9263-c6fef347d29a', '815e6ba2-10ec-4414-a884-50abf41b8dc6', '2023-12-25', '2023-12-25', 'Completely payment', '2023-12-24 20:07:34', '2023-12-24 20:07:34');

-- --------------------------------------------------------

--
-- Table structure for table `personal_access_tokens`
--

CREATE TABLE `personal_access_tokens` (
  `id` bigint UNSIGNED NOT NULL,
  `tokenable_type` varchar(255) COLLATE utf8mb4_unicode_ci NOT NULL,
  `tokenable_id` bigint UNSIGNED NOT NULL,
  `name` varchar(255) COLLATE utf8mb4_unicode_ci NOT NULL,
  `token` varchar(64) COLLATE utf8mb4_unicode_ci NOT NULL,
  `abilities` text COLLATE utf8mb4_unicode_ci,
  `last_used_at` timestamp NULL DEFAULT NULL,
  `expires_at` timestamp NULL DEFAULT NULL,
  `created_at` timestamp NULL DEFAULT NULL,
  `updated_at` timestamp NULL DEFAULT NULL
) ENGINE=InnoDB DEFAULT CHARSET=utf8mb4 COLLATE=utf8mb4_unicode_ci;

-- --------------------------------------------------------

--
-- Table structure for table `products`
--

CREATE TABLE `products` (
  `product_id` char(36) COLLATE utf8mb4_unicode_ci NOT NULL,
  `product_name` varchar(255) COLLATE utf8mb4_unicode_ci NOT NULL,
  `desciption` text COLLATE utf8mb4_unicode_ci NOT NULL,
  `default_price` decimal(13,0) NOT NULL,
  `default_stock_quantity` int NOT NULL,
  `image` varchar(255) COLLATE utf8mb4_unicode_ci NOT NULL,
  `brand_id` char(36) COLLATE utf8mb4_unicode_ci NOT NULL,
  `category_id` char(36) COLLATE utf8mb4_unicode_ci NOT NULL,
  `gender` varchar(20) COLLATE utf8mb4_unicode_ci NOT NULL,
  `created_at` timestamp NULL DEFAULT NULL,
  `updated_at` timestamp NULL DEFAULT NULL
) ENGINE=InnoDB DEFAULT CHARSET=utf8mb4 COLLATE=utf8mb4_unicode_ci;

--
-- Dumping data for table `products`
--

INSERT INTO `products` (`product_id`, `product_name`, `desciption`, `default_price`, `default_stock_quantity`, `image`, `brand_id`, `category_id`, `gender`, `created_at`, `updated_at`) VALUES
('005c13f1-5d88-48a2-b5df-7c632139cf5d', 'LeBron XXI \"Conchiolin\"', 'Last time around, LeBron flipped the script on his shoe game as only the King can. The encore is even better. With an Air Zoom unit and soft cushioning, the LeBron XXI (also known as the LeBron 21) gives you flexibility and power without a lot of excess weight to slow you down. Ideal for rim runs, fast breaks and racing up and down the court, they help you keep playing at the top of your game until the final buzzer sounds. Are you ready to play?\r\n\r\n\r\nLess Air, more flex\r\n\r\nThe difference between this LeBron and the adult version? We opted for extra flexibility in the forefoot over packing in more Air units for a kid-right fit that\'s perfect for your developing game. A bottom-loaded Air Zoom unit in the heel adds cushioning for when you\'re taking jump shots and making the leap to the next level of your game.\r\n\r\n\r\nDaughter-driven\r\n\r\nWe gave this shoe a shell-like appearance to honour how LeBron feels the need to always protect his daughter, similar to how an oyster shelters a pearl to help it reach its full potential. The colours and graphics of the LeBron XXI nod to this special relationship.\r\n\r\n\r\nFeel the floor\r\n\r\nSoft foam in the midsole feels soft and smooth while keeping you low to the ground, which helps you stay connected to the court.\r\n\r\n\r\nLightweight durability\r\n\r\nThe airy, breathable fabric on the upper is made from a dimensional mesh that\'s lightweight, durable and contained.\r\n\r\n\r\nProduct details\r\n\r\nClassic laces\r\nColour Shown: White/Bicoastal/Photon Dust/Black\r\nStyle: FZ7189-100\r\nCountry/Region of Origin: Vietnam', '4079000', 4, 'image.jpg', '3ef050cf-31e7-48d4-b7f3-c2e60116f035', 'e0c300ca-9c34-4172-bb96-a2ef9c96692f', 'Kid Boy', '2023-12-24 00:23:06', '2023-12-24 00:23:06'),
('0a91236a-fb6e-4408-acd5-f2132450755f', 'NikeCourt Air Zoom GP Turbo Naomi Osaka Premium', 'Get all dressed up just to go down to the corner shop in this special Naomi Osaka GP Turbo. With sweet, scrumptious nods to some of Naomi\'s favourite snack spots, both near and far, this grab-and-go look will leave you licking your fingers. Subtle odes to her distinctive style and illustrious career accentuate a design worthy of the centre-court spotlight. Made for hard courts, where Naomi crafted a ferocious, fast-paced game, it combines a responsive Zoom Air unit with zones of durability to help you stay fresh for longer.\r\n\r\n\r\nRevolutionary Responsiveness\r\n\r\nWe stitched a full-length Zoom Air unit directly to the upper instead of set into foam, so it responds to every step.\r\n\r\n\r\nDurable design\r\n\r\nReinforced on the inside of the shoe, the anatomically designed toe box provides durability while sliding. Overlays in key places offer flexibility and breathability.\r\n\r\n\r\nSupport for the court\r\n\r\nSee the squiggly lines on the outsole? Those represent the part of the shoe that hugs and supports your foot during quick cuts and fast volleys.\r\n\r\n\r\nProduct details\r\n\r\nDesigned for wear on hard-court surfaces\r\nTranslucent material on upper\r\nColour Shown: Black/Siren Red/Racer Blue/Vivid Sulphur\r\nStyle: FN5714-001\r\nCountry/Region of Origin: China', '4409000', 4, 'image.jpg', '3ef050cf-31e7-48d4-b7f3-c2e60116f035', '3242b7c7-b91c-483f-ae41-49324e83b66e', 'Women', '2023-12-24 00:02:59', '2023-12-24 00:02:59'),
('11fdd926-a92c-4606-ba28-cafb80f69a04', 'Air Jordan 1 Elevate High', 'Classic Jordan style reaches new heights in this lifted AJ-1. The platform stance and high-top collar make a statement, while crisp leather and flashy finishes make these kicks the winning assist your outfit needs. For added flex, the puffy, stitched-on Wings \"logo\" delivers big (and just wait until you feel the ultra-comfortable Air cushioning underfoot). Go ahead, elevate your game.\r\n\r\n\r\nBenefits\r\n\r\nPlatform sole adds style and stability to a classic silhouette.\r\nNike Air technology absorbs impact for cushioning with every step.\r\nClassic cupsole construction gives you durability, traction and support.\r\n\r\nDetails\r\n\r\nPerforated toe\r\nZip side\r\nColour Shown: White/Sail/Desert\r\nStyle: DN3253-121\r\nCountry/Region of Origin: Vietnam', '4539000', 3, 'image.jpg', '32e3c6fc-88a9-4f6d-b1e8-efe4f403bb07', '43bb4b5f-4978-4330-9f27-ebae79a907a0', 'Women', '2023-12-24 00:07:48', '2023-12-24 00:08:01'),
('127c698a-5d4a-43e1-be16-5ed62992b585', 'Nike Go FlyEase', 'Ditch the laces and get outside. These kicks feature Nike\'s revolutionary FlyEase technology, making on-and-off a breeze. With a heel that pivots open for a totally hands-free entry, they\'re great for people with limited mobility—or anyone who wants a quicker way to get going.\r\n\r\n\r\nStep In and Go\r\n\r\nThe entire heel (including the sole) hinges open and stays open until you\'re ready. Just slip in and step down to make the heel move back into place and secure your foot.\r\n\r\n\r\n\"CushIon\" Every Step\r\n\r\nPlush Cushlon foam gives each heel-to-toe transition a smooth, cushioned feeling.\r\n\r\n\r\nLightweight Structure\r\n\r\nAiry fabric in the upper lets your feet breathe while durable, no-sew overlays provide structure and stability.\r\n\r\n\r\nProduct Details\r\n\r\nGrippy rubber outsole\r\nSwoosh design\r\nColour Shown: Black/White\r\nStyle: DR5540-002\r\nCountry/Region of Origin: Vietnam', '4000000', 2, 'image.jpg', '3ef050cf-31e7-48d4-b7f3-c2e60116f035', '43bb4b5f-4978-4330-9f27-ebae79a907a0', 'Men', '2023-12-23 23:03:45', '2023-12-24 20:12:12'),
('13eddadf-b485-4be0-a0f7-4bf1473d548b', 'Chuck Taylor All Star', 'THE STAPLE. The low-cut legend since \'57. The Chuck Taylor All Star Low Top sneaker keeps it classic. Iconic elements like an OrthoLite insole and canvas upper keep it comfortable. You got it.', '1100000', 2, 'image.jpg', '0149a509-9bb8-4524-8b0f-84c48d27ed7f', '43bb4b5f-4978-4330-9f27-ebae79a907a0', 'Kid Girl', '2023-12-24 01:01:15', '2023-12-24 01:01:15'),
('166be991-dd1d-4802-8057-e367a5404fde', 'Chuck Taylor All Star', 'CHUCK TAYLOR ALL STAR ORIGINS Created in 1917 as a non-skid basketball shoe, the All Star was originally promoted for its superior court performance by basketball mastermind Chuck Taylor. But over the decades, something incredible happened: The sneaker, with its timeless silhouette and unmistakable ankle patch, was organically adopted by rebels, artists, musicians, dreamers, thinkers and originals. Features And Benefits Canvas upper for lightweight, flexible support Rubber outsole for durable traction Medial eyelets enhance ventilation\r\n\r\nSize Disclaimer: There may be a 1-2cm difference in measurements depending on the development and manufacturing process.\r\n\r\nColor Disclaimer: Actual colors may vary. This is due to the fact that every computer monitor has a different capability to display colors, we cannot guarantee that the color you see accurately portrays the true color of the product.', '1100000', 3, 'image.jpg', '0149a509-9bb8-4524-8b0f-84c48d27ed7f', '43bb4b5f-4978-4330-9f27-ebae79a907a0', 'Kid Boy', '2023-12-24 00:58:47', '2023-12-24 00:58:47'),
('1cd740c2-466a-4656-b1f4-49296daabcb9', 'Nike Invincible 3', 'With maximum cushioning to support every mile, the Invincible 3 is our highest level of comfort underfoot. Its plush and bouncy ZoomX foam helps you stay stable and fresh. In other words—it\'s going to feel good all day, whatever you\'re doing. And when you pair all this cushioning with easy-to-style colours, you get a shoe you never want to stop wearing.\r\n\r\n\r\nSupport: high\r\n\r\nThe more supportive the shoe, the more stability it can give to your natural stride. A combination of tuned support and intentionally placed cushioning helps you feel secure with every step. The Invincible 3 has high-support technology, with cushioning and stability intentionally placed and shaped to help protect your foot from the effects of pronation.\r\n\r\n\r\nCushioning: super-high\r\n\r\nThe more cushioning you have underfoot, the softer and more comfortable your running experience can be. Cushioning helps soften the impact as your feet hit the ground. With Nike ZoomX cushioning shaped like a rocker and higher foam heights, this shoe is so soft and bouncy that just by putting it on you\'ll be excited for your next run. It provides ultimate cushioning on ground contact and an even softer underfoot feel for your workout and beyond.\r\n\r\n\r\nResponsiveness: super-high\r\n\r\nThe more responsive the shoe, the more energy return you can get back with each step. Whether you want to run a little bit faster or with a little less effort, responsive shoes help give you slightly more spring in your step to get more out of your run. Nike ZoomX foam is ultra-responsive and lightweight, giving you bounce and a snappy response with every step.\r\n\r\n\r\nFit: secure, breathable, comfortable\r\n\r\nAn evolved Flyknit upper places zones of breathability where your foot heats up most. It\'s strong and durable, helping keep your foot secure with every mile.\r\n\r\n\r\nWhat\'s new about the Invincible 3?\r\n\r\nA wider midsole adds more stability than our previous iteration. Taller foam stacks than our previous version raise the bar on cushioning and comfort, in a more sleek-looking design. The strong plastic going around the heel is smaller than our previous iteration while still providing a secure, comfortable fit.\r\n\r\n\r\nProduct details\r\n\r\nNot intended for use as personal protective equipment (PPE)\r\nWeight: 258g (women\'s size 5.5)\r\nHeel-to-toe drop: 9mm\r\nAs a result of a design update, the heel text of the product you purchase may be different from the heel text depicted on Nike.com. In case of any questions, please contact Nike consumer service.\r\nColour Shown: Fierce Pink/Pink Blast/Fireberry\r\nStyle: DR2660-602\r\nCountry/Region of Origin: Vietnam', '5279000', 7, 'image.jpg', '3ef050cf-31e7-48d4-b7f3-c2e60116f035', '90d68216-2cd9-4e00-b592-95bcdc69f7de', 'Women', '2023-12-23 23:40:44', '2023-12-23 23:40:44'),
('1e873b09-d43e-40ad-85d3-d52e32e62456', 'Nike Air Zoom Arcadia 2', 'It\'s never too early to start. Give your kids those race-day vibes every time they pull on our Nike Air Zoom Arcadia 2. Learning to run and sprint is a breeze with our responsive Zoom Air cushioning. With an improved fit up top and an easy strap, little runners will reach the finishing line in no time.\r\n\r\n\r\nBouncy Cushioning\r\n\r\nSnappy and responsive, Zoom Air cushioning helps provide a quick-off-the-ground sensation. A semi-transparent rubber sole in the heel reveals the Air unit\'s colour.\r\n\r\n\r\nA Fit That Feels Right\r\n\r\nBreathable mesh and stretchy fabric adapt to your feet for a comfortable fit. 2 hidden stretchy bands wrap from the tongue to around the arch to provide support that feels like a big hug.\r\n\r\n\r\nGround Control\r\n\r\nRubber sole provides grip and durable traction while you run. Cut-outs under the forefoot make the shoe lighter and more flexible.\r\n\r\n\r\nMore Benefits\r\n\r\nHook-and-loop strap and elastic laces let little ones slip their kicks on and off easily.\r\nSoft foam provides lightweight cushioning underfoot.\r\nAn extra layer on the toe tip and the sides provides durability.\r\n\r\nProduct Details\r\n\r\nHeel pull tab\r\nExtra lining on the collar and tongue\r\nColour Shown: Phantom/Bright Crimson/White/Dark Obsidian\r\nStyle: DM8492-009\r\nCountry/Region of Origin: Indonesia', '1789000', 3, 'image.jpg', '3ef050cf-31e7-48d4-b7f3-c2e60116f035', '90d68216-2cd9-4e00-b592-95bcdc69f7de', 'Kid Boy', '2023-12-24 00:13:33', '2023-12-24 00:13:33'),
('22709097-e2b6-4a1a-ac72-addbacf61d08', 'Nike Infinity Ace Next Nature', 'Your game and your swing can\'t be pigeonholed. The all-new Infinity Ace supports your individuality, the inner independence that allows you to go for the green when the book says go for a lay-up or hit a drive down a narrow fairway when friendlier approaches would suit. With super-soft cushioning around sensitive areas like the ankle and midfoot, it has you ready to play 18.\r\n\r\n\r\nSwing with Force\r\n\r\nDynamic internal support saddle helps keep you steady when swinging with power. Foam in the midsole offers lightweight, all-round comfort.\r\n\r\n\r\nFresh and Cool\r\n\r\nLightweight mesh provides great breathability and keeps you cool and refreshed over the course of a round or more. A leather strip attached to the back of a shoe sole helps keep dew and debris away.\r\n\r\n\r\nConnected in all Conditions\r\n\r\nData-driven rubber traction helps keep you from slipping and sliding in various weather conditions.\r\n\r\n\r\nStay Secure\r\n\r\nA lower, swooping collar helps minimise movement around the ankle and offers excellent support and comfort.', '2929000', 5, 'image.jpg', '3ef050cf-31e7-48d4-b7f3-c2e60116f035', 'f481b673-2193-4b97-a1ff-d74a6821ad07', 'Women', '2023-12-23 23:58:56', '2023-12-23 23:58:56'),
('236b3032-3a8f-4885-912f-24915c5b851c', 'Freak 5 (Team) EP', 'Giannis\'s internal engine revs from deep within, requiring a shoe that can harness his superpower abilities. Enter the Freak 5. Stacked with stunning speed for super-quick first steps, stuffed with that sort of springy cushioning that can withstand the all-game grind, his signature shoe lets you feel like the Greek Freak. Blow past your opponent en route to the rim while sticking with quick-twitch ball-handlers when a defensive stand decides the game. With its extra-durable rubber outsole, this version gives you traction for outdoor courts.\r\n\r\n\r\nHit the gas\r\n\r\nA top-loaded Zoom Air unit in the forefoot provides energy return and responsiveness, putting force into your first step so you can go from the perimeter to the rim with ease.\r\n\r\n\r\nStay contained\r\n\r\nFor all that force and velocity, Giannis needs a design that stays with him, whatever the defence throws at him. Our internal containment system gives you a more dynamic fit system that limits movement inside the shoe without feeling constricting.\r\n\r\n\r\nComfort for 4 quarters\r\n\r\nThe springy foam midsole has a responsive underfoot ride. It adds a soft, comfortable sensation to help keep you moving and energised all game long.\r\n\r\n\r\nStick and cut\r\n\r\nThe advanced traction in the heel enhances your on-court feel. It helps you stick to the ground for a microsecond, while the other directional traction helps you dig your toe in and out.', '3669000', 3, 'image.jpg', '3ef050cf-31e7-48d4-b7f3-c2e60116f035', 'e0c300ca-9c34-4172-bb96-a2ef9c96692f', 'Men', '2023-12-23 22:32:52', '2023-12-23 22:32:52'),
('2e2595db-bef2-4430-8aca-a5cef0a5e3e4', 'Nike Jr. Phantom GX Academy', 'Looking to take your game to the next level? Academy shoes give you the precision touch you need to let your innermost playing instincts dazzle. Featuring NikeSkin and a mesh touch zone to help enhance your precision, and an agility plate that\'s designed to swerve and sprint with you, it\'s ready to ignite your spontaneous playmaking spirit.\r\n\r\n\r\nEnhanced touch\r\n\r\nAn expanded NikeSkin touch zone, powered by engineered mesh, brings your foot even closer to the ball for better control while dribbling and passing in wet or dry conditions. The upper is soft and almost knit-like while the contact zone on the inside of the shoe is heightened for even better touch.\r\n\r\n\r\nContoured for comfort\r\n\r\nAsymmetry in the heel provides comfort. Soft elements in the heel make for an easy break-in process and help reduce irritation and pressure without compromising stability and structure.\r\n\r\n\r\nTurf Traction\r\n\r\nA generative texture outsole gives you traction on turf surfaces.\r\n\r\n\r\nEasy On\r\n\r\nBetter yet, there\'s no need to tie these! Pull tabs and an adjustable tongue offer your young star an easy slip-on solution, so they can play fast and free. The elastic laces offer adaptable lockdown.\r\n\r\n\r\nProduct details\r\n\r\nFor use on shorter, synthetic surfaces\r\nCushioned insole\r\nColour Shown: Hyper Turquoise/Fuchsia Dream/White/Black\r\nStyle: DD9557-300\r\nCountry/Region of Origin: Indonesia', '1889000', 7, 'image.jpg', '3ef050cf-31e7-48d4-b7f3-c2e60116f035', '4ac0cd63-927a-43a4-a165-1507c1cfc78c', 'Kid Boy', '2023-12-24 00:27:35', '2023-12-24 00:27:35'),
('3489f4fc-0ea8-437f-a7ff-d2005e4f0286', 'Run Star Legacy Chelsea CX Mono', 'FUTURE FAVORITE An evolution of the fan-favorite Run Star Hike, the Run Star Legacy Chelsea CX mixes bold platform styling with premium comfort and easy accessibility. A lightweight CX midsole and sockliner keep you light on your feet, while distorted Chuck Taylor design elements keep them guessing. A luxe take on the original, this edition pairs a monochrome, full-grain leather upper with a stretchy collar and zippered closure for everyday versatility. Features And Benefits High-top platform shoe with full-grain leather upper A CX foam midsole and sockliner keep it lightweight and comfortable Tonal, neutral design for versatile styling Faux leather overlays for expressive style Stretchy collar and zip-front closure for easy on and off', '3300000', 2, 'image.jpg', '0149a509-9bb8-4524-8b0f-84c48d27ed7f', '43bb4b5f-4978-4330-9f27-ebae79a907a0', 'Women', '2023-12-24 00:45:21', '2023-12-24 00:45:21'),
('34bb4cd1-b629-4e25-87c7-050f97d20159', 'KD15 EP', 'Game-making plays and impossible shots are all in a day\'s work for Kevin Durant. Give him the ball and he makes the game look easy. The KD15 is stripped down to provide just what he wants: plenty of bounce, a secure fit and a broken-in feel. Fewer materials underfoot and throughout the upper helps minimise distractions while optimising energy return and all-round comfort—vital for players like KD who never stop moving. This special KD15 salutes hip-hop\'s 50th anniversary with nods to the past and present. This version is designed for outdoor court use with its extra-durable outsole.\r\n\r\n\r\nBehind the Design\r\n\r\nOn the 50th anniversary of its advent, this look draws inspiration from the hip-hop influencers and impact forces who have left their indelible imprint on the music industry. Rock the mic with a cool hangtag around the collar, and check out the tongue label that pays homage to vintage party posters from back in the day. Look for the advisory sticker-inspired insoles that celebrate both the golden and current eras of hip-hop.\r\n\r\n\r\nLace Up, Lock In\r\n\r\nThe laces feed through floating wings along the sides. When you tighten the laces, the wings are pulled down to help hold your foot in place.\r\n\r\n\r\nSmooth, Springy Sensation\r\n\r\nSoft, full-length foam plus a visible Zoom Air Strobel unit provide a dual layer of cushioning that\'s soft, smooth and responsive. It eliminates the need for extra layers and brings the energy-returning sensation right up under your foot.\r\n\r\n\r\nBroken-In Comfort\r\n\r\nReduced layers throughout the upper strip away unnecessary weight to enhance the feeling of broken-in comfort.\r\n\r\n\r\nGrip and Go\r\n\r\nThe outsole pattern looks like a topographical map, with an array of contoured ridges that bend and deflect in multiple directions to provide traction for every move. \"EASY\" is moulded into the rubber in a nod to KD\'s effortless game.\r\n\r\n\r\nMore Benefits\r\n\r\nThin overlays help resist abrasion along the toe.\r\nKD logo is moulded on the tongue.\r\nColour Shown: White/Volt/Photon Dust/Black\r\nStyle: FN8009-100\r\nCountry/Region of Origin: Vietnam', '4409000', 1, 'image.jpg', '3ef050cf-31e7-48d4-b7f3-c2e60116f035', 'e0c300ca-9c34-4172-bb96-a2ef9c96692f', 'Women', '2023-12-23 23:47:15', '2023-12-23 23:47:15'),
('3b4f8dae-a89e-4055-a982-ec472f41cdba', 'Nike Air Force 1 Shadow', 'DOUBLE THE SWOOSH.\r\n\r\n\r\nThe Nike Air Force 1 Shadow puts a playful twist on a classic b-ball design. Using a layered approach, doubling the branding and exaggerating the midsole, it highlights AF-1 DNA with a bold, new look.\r\n\r\n\r\nBenefits\r\n\r\nFeaturing the same iconic shape as the original Air Force 1, a slightly exaggerated midsole makes the shoe instantly recognisable while also playing with proportions.\r\nA foam midsole and grooved outsole ensure that the shoe is lightweight, flexible and comfortable.\r\nWith 2 eyestays, 2 mudguards, 2 backtabs and 2 Swoosh designs, you get a layered look with double the branding.\r\n\r\nProduct Details\r\n\r\nMix of leather and synthetic materials\r\nRubber tape\r\nColour Shown: Sail/Sail/Grey Fog/Pale Ivory\r\nStyle: DO7449-111\r\nCountry/Region of Origin: China', '3239000', 5, 'image.jpg', '3ef050cf-31e7-48d4-b7f3-c2e60116f035', '43bb4b5f-4978-4330-9f27-ebae79a907a0', 'Women', '2023-12-23 23:36:00', '2023-12-23 23:36:00'),
('4605621a-59de-4094-8750-03201c2a3923', 'Jordan Retro 6 G NRG X', 'Feel unbeatable from the tee box to the final putt in a design is pure early MJ: speed, class and laden with true early \'90s touches like visible Air and a translucent plastic sole that continue to stand the test of time. This model fuses the strut of 1st MJ\'s championship with some of our best golf technology, helping you make a statement of confidence when it comes time to tame the course. With its deep, rich red accents and creamy white tones, this version celebrates MJ\'s favourite beverage, 1 that goes down smooth with a big plate of barbecue and a side of American cobbler while basking in warm-hearted hospitality.\r\n\r\n\r\nAJ 6 Inspiration\r\n\r\nMJ\'s German sports car served as the inspiration for the original shoe\'s design, with its very essence conveying speed and class. A moulded heel tab is on the back of the sneaker, something Jordan himself required back in \'91 so that it wouldn\'t hit his Achilles tendon when putting on the shoe. Two holes in the tongue are a nod to the original AJ 5.\r\n\r\n\r\nCourse Traction\r\n\r\nA golf-specific to provide more freedom of movement to release more power through the golf swing.\r\n\r\n\r\nMore Benefits\r\n\r\nProvides water resistance in all weather conditions.\r\nLightweight foam midsole provides comfort and stability throughout your round.', '6459000', 8, 'image.jpg', '32e3c6fc-88a9-4f6d-b1e8-efe4f403bb07', 'f481b673-2193-4b97-a1ff-d74a6821ad07', 'Men', '2023-12-23 23:16:59', '2023-12-23 23:18:37'),
('480c231f-b9cf-41af-8b6a-17f6d023aea9', 'Nike Metcon 9', 'Whatever your \"why\" is for working out, the Metcon 9 makes it all worth it. We improved on the 8 with a larger Hyperlift plate and added rubber rope wrap. Intended for lifters, trainers and go-getters, some of the greatest athletes in the world swear by it, and it\'s still the gold standard that delivers day after day.\r\n\r\n\r\nTougher and Stronger\r\n\r\nWe made the Hyperlift plate in the heel even bigger for stability when tackling tough workouts like Split Squats, Dead Lifts and other lower-body exercises. The plate helps force weight down and out while adding rigidity in the heel. That firmness helps you feel grounded and supported, specifically under heavier loads.\r\n\r\n\r\nSecure feel\r\n\r\nThe lace-lock system attaches to the shoe tongue, so you don\'t have to worry about latching it to any fabric. It helps keep your laces in place, so once you tie up, you can focus solely on your workout.\r\n\r\n\r\nGo to the Top\r\n\r\nWe extended the rubber wrap on the side for durability and support so that you can scale any kind of rope climb with the same repeated velocity without worrying about wear and tear. It stretches from the midsole to the upper and adds some support in the upper for multi-directional movements.\r\n\r\n\r\nDurable and Cool\r\n\r\nThe lightweight, breathable mesh helps keep your foot cool yet sports the kind of durability that can withstand scrapes, slashes and quick-drag movements.\r\n\r\n\r\nFeel the Foam\r\n\r\nA dual-density midsole—firm foam on the outside, soft foam on the inside—provides responsive cushioning for lasting comfort for continuous cardio and movements.\r\n\r\n\r\nMore benefits\r\n\r\nA full-rubber outsole provides durable traction for dynamic movements like Cleans and Walking Lunges.\r\nBreathable textile has a haptic print, which creates a 3D effect that adds durability and texture, helping make it easier to keep your shoes clean. Also, it provides flexible, durable support in the toe area so that when your toes splay when lifting heavy weights, it won\'t feel restrictive.\r\nColour Shown: Bordeaux/Vivid Purple/Volt/Black\r\nStyle: DZ2537-603\r\nCountry/Region of Origin: Vietnam', '4109000', 5, 'image.jpg', '3ef050cf-31e7-48d4-b7f3-c2e60116f035', '6707e838-ee4f-4baf-8e09-1aba1af255ae', 'Women', '2023-12-23 23:57:00', '2023-12-23 23:57:00'),
('4e00c890-9d7c-4de1-964f-12a3d687f481', 'Nike Defy All Day', 'Take on everyday challenges in the Nike Defy All Day. Leather up top and rubber traction on the bottom create a durable design that lasts the rigours of tough training sessions. Soft cushioning carries comfort through your workout—or a day of getting things done.\r\n\r\n\r\nDurable Design\r\n\r\nTough leather on the upper stands up to the demands of your workout. Built-in breathability helps your foot stay cool.\r\n\r\n\r\nComfort All Day\r\n\r\nFoam cushioning, a soft insole and padding around the ankle put comfort where it counts—whether you\'re in or out of your training zone.\r\n\r\n\r\nTraction With Flex\r\n\r\nRubber tread gives you durable traction on a range of surfaces. Grooves underfoot let the sole flex as you step.\r\n\r\n\r\nProduct Details\r\n\r\nPull tab on the heel\r\nColour Shown: Black/White/Black\r\nStyle: DJ1196-002\r\nCountry/Region of Origin: Indonesia', '1909000', 7, 'image.jpg', '3ef050cf-31e7-48d4-b7f3-c2e60116f035', '6707e838-ee4f-4baf-8e09-1aba1af255ae', 'Men', '2023-12-23 22:55:29', '2023-12-23 22:55:29'),
('4eaf5df1-a5a7-4870-b70a-04f0e8584a16', 'Nike Vaporfly 3', 'Catch \'em if you can. The Vaporfly 3 is made for the chasers, the racers and the elevated pacers who can\'t turn down the thrill of the pursuit. We reworked the leader of the super shoe pack and tuned the engine underneath for those who see speed as a gateway to more miles and more seemingly uncatchable highs. This versatile road-racing workhorse is built for all athletes chasing personal bests from a 10K to a marathon. So look fast, feel fast in this bright, colour-duelling edition of a legend.\r\n\r\n\r\nSpeed for Miles\r\n\r\nOur most resilient foam just got a little better. Nike ZoomX cushioning unlocks even more energy return than before and helps reduce weight with a convex shape on the inside of the foot for a more stable ride. A full-length, carbon-fibre plate provides a stiff and propulsive feel.\r\n\r\n\r\nFeel the Breeze\r\n\r\nSpecifically selected Flyknit yarns and engineered zones in the forefoot bring a new level of performance to the Vaporfly. Ample breathability around the toes combined with soft, yet supportive yarns deliver our most customised upper for the Vaporfly. The result is a softer, cooler design that contours to your foot.\r\n\r\n\r\nSmooth and Steady\r\n\r\nAn updated thin outsole rubber uses less material without sacrificing durability, which helps reduce outsole weight and thickness. This allows for extra millimetres of ZoomX foam underfoot and smoother transition through your stride.\r\n\r\n\r\nMore benefits\r\n\r\nLight padding on the tongue helps reduce lace pressure at the top of your foot.\r\nAn updated Waffle outsole pattern with perforations reduces weight and delivers multi-surface traction in various weather conditions.\r\nOffset heel seam helps reduce friction in the heel area.\r\nWider toe area creates a roomier fit.\r\nThe internal foam pod in the heel provides targeted cushioning.\r\n\r\nProduct details\r\n\r\nWeight: 200g (men\'s size 9)\r\nHeel-to-toe drop: 8mm\r\nColour Shown: Luminous Green/Crimson Tint/Volt/Black\r\nStyle: FQ8109-331\r\nCountry/Region of Origin: China', '7629000', 5, 'image.jpg', '3ef050cf-31e7-48d4-b7f3-c2e60116f035', '90d68216-2cd9-4e00-b592-95bcdc69f7de', 'Men', '2023-12-23 22:25:04', '2023-12-23 22:25:04'),
('5011278e-c2ee-4ae4-af34-91570a294084', 'Nike Phantom Luna', 'Your game is full of undeniable, all-round playmaking force. The bigger the moment, the brighter the lights, the better you play. Let the Phantom Luna help your skills shine. We used insights from female athletes to give you a traction pattern that helps you play quickly and with confidence—which every footballer needs. It helps you make precision cuts when the match\'s intensity heats up, while innovative NikeSkin brings your foot closer to the ball.\r\n\r\n\r\nTraction for the pitch\r\n\r\nThe Nike Cyclone 360 traction pattern unlocks quick and safe movements, so you can cut with speed and force while feeling fully secure when the game\'s intensity turns up.\r\n\r\n\r\nAmplified touch\r\n\r\nAn expanded NikeSkin touch zone, powered by engineered mesh, brings your foot even closer to the ball for better control while dribbling and passing in wet or dry conditions. The upper is soft and almost knit-like while the contact zone on the inside of the boot is heightened for even better touch.\r\n\r\n\r\nSecure Fit and Feel\r\n\r\nThe flat knit cuff material provides snugness and shape. Subtle ribs in the cuff allow for ball contact higher up the ankle in trapping and passing. Asymmetric lacing offers a larger touch surface when dribbling, passing and scoring. The asymmetric heel construction gives you all-game comfort and eases the initial break-in process.\r\n\r\n\r\nProduct details\r\n\r\nFor use on slightly wet, short-grass pitches\r\nCushioned insole\r\nColour Shown: Hyper Turquoise/Fuchsia Dream/Black\r\nStyle: FN8406-300\r\nCountry/Region of Origin: Indonesia', '3519000', 3, 'image.jpg', '3ef050cf-31e7-48d4-b7f3-c2e60116f035', '4ac0cd63-927a-43a4-a165-1507c1cfc78c', 'Men', '2023-12-23 22:51:46', '2023-12-23 22:51:46'),
('51c427f7-22e9-4579-a338-39e220f300ac', 'Air Jordan 1 Zoom CMFT 2', 'Soft suede and Jordan Brand\'s signature Formula 23 foam come together to give you an extra luxurious (and extra cosy) AJ1. You don\'t need to play \"either or\" when it comes to choosing style or comfort with this one—which is nice, \'cause you deserve both.\r\n\r\n\r\nBenefits\r\n\r\nNike Air technology absorbs impact for cushioning with every step.\r\nSuede on the upper and toe breaks in easily and contours to your feet.\r\nFormula 23 foam keeps your feet extra padded.\r\nColour Shown: Muslin/Blackened Blue/Coconut Milk/Black\r\nStyle: DV1305-104\r\nCountry/Region of Origin: Indonesia', '4259000', 2, 'image.jpg', '32e3c6fc-88a9-4f6d-b1e8-efe4f403bb07', '43bb4b5f-4978-4330-9f27-ebae79a907a0', 'Women', '2023-12-24 00:09:43', '2023-12-24 00:09:43'),
('5673e923-434d-4067-b807-db93c18734c8', 'Nike Jr. Mercurial Superfly 9 Club Mercurial Dream Speed', 'Your little star puts in the practice—after school, at break time, on weekends—just like Cristiano Ronaldo did in his younger days. Now they\'re ready to put all that hard work into the game. Bold reds and gentle oranges represent the passion and preparation your little one puts into their favourite sport. These boots have a textured design that helps with ball control while kids shoot at the goal or pass to their teammates.\r\n\r\n\r\nExceptional Touch\r\n\r\nSynthetic leather upper has small textured details that provide grip for better ball control when dribbling at quick speeds.\r\n\r\n\r\nDig in, take off\r\n\r\nDesigned for various surfaces, conical studs offer super-charged traction with quick release and pivoting.\r\n\r\n\r\nSeamless Design\r\n\r\nA comfortable lining wraps kids\' feet for a natural, close-fitting feel.\r\n\r\n\r\nProduct details\r\n\r\nClassic laces\r\nFor use on natural and synthetic surfaces\r\nCushioned insole\r\nColour Shown: Light Crimson/Bright Mandarin/Black/Pale Ivory\r\nStyle: FJ0351-600\r\nCountry/Region of Origin: Vietnam', '1759000', 5, 'image.jpg', '3ef050cf-31e7-48d4-b7f3-c2e60116f035', '4ac0cd63-927a-43a4-a165-1507c1cfc78c', 'Kid Boy', '2023-12-24 00:26:37', '2023-12-24 00:26:37'),
('5827e27b-0bd4-40c1-b7ad-dfcc0bd89b05', 'Air Jordan XXXVIII Rui PF', 'Decked out in colour-shifting details, the Air Jordan XXXVIII Rui player exclusive is inspired by the seasonal mirages of the Toyama Prefecture where Rui grew up. All the game-ready tech you expect is there too, like low-to-the-court cushioning and a secure upper that helps support every move. Rui\'s logo, a combination of the letter \"H\" and his lucky number 8, adds his personal touch to the design.\r\n\r\n\r\nCourt mobility\r\n\r\nQuick cuts, speedy sprints and all-over court control—that\'s what you want. It\'s the low-to-the-court Zoom Strobel Air unit that helps you achieve it.\r\n\r\n\r\nStrength + security\r\n\r\nThe embroidery in the upper is designed to help you feel extra secure while criss-crossing the court. Your skills, plus supportive, lightweight mesh? A winning combo.\r\n\r\n\r\nHeritage details\r\n\r\nBaked right into the shoe\'s design are shout-outs to MJ\'s legendary \'93 season. Cross-hatches, chevrons and lines of ribbing on one shoe represent his points, assists and rebounds per game. Fabric details on the other nod to the 57-25 season record—and MJ\'s third consecutive championship.\r\n\r\n\r\nWaste not, want not\r\n\r\nThe last thing we need is more waste. A special Move to Zero box gives you the bells and whistles of commemorative packaging without the extra rubbish.\r\n\r\n\r\nProduct details\r\n\r\nThe PF edition is designed with a wider fit and optimised for play on outdoor courts.\r\nColour Shown: Photon Dust/Mint Foam/Siren Red/Off-Noir\r\nStyle: FD0583-003\r\nCountry/Region of Origin: Vietnam', '6179000', 7, 'image.jpg', '32e3c6fc-88a9-4f6d-b1e8-efe4f403bb07', 'e0c300ca-9c34-4172-bb96-a2ef9c96692f', 'Men', '2023-12-23 22:41:52', '2023-12-23 22:41:52'),
('58b0519a-85bd-475b-982b-684e5454b29a', 'Nike Pegasus Turbo', 'Let this esteemed stallion help you log the hard miles. Complete with lighter, responsive, repurposed foam and a feather upper, this motley-coloured mare is made to help you increase tempo without sacrificing comfort as you push towards a personal best. This immortal is responsibly constructed with at least 50% recycled material by weight, while maintaining its tried-and-tested everyday ethos.\r\n\r\n\r\nA More Responsive Ride\r\n\r\nNike ZoomX foam is responsive and lightweight, giving you bounce with every step. Shaped like a rocker, the foam provides support for the 3 phases of a runner\'s stride. It offers flexibility when your foot rises off the ground, a smooth ride when your foot is moving forwards and cushioning at ground contact.\r\n\r\n\r\nLightweight and Supportive\r\n\r\nFlyknit technology uses high-strength fibres to create a lightweight upper with targeted areas of support, stretch and breathability. It provides security and comfort.\r\n\r\n\r\nTraction for the Road\r\n\r\nWaffle-inspired tread on the outsole provides traction.', '4409000', 8, 'image.jpg', '3ef050cf-31e7-48d4-b7f3-c2e60116f035', '90d68216-2cd9-4e00-b592-95bcdc69f7de', 'Men', '2023-12-23 22:21:25', '2023-12-23 22:21:25'),
('592377e7-fbb5-4362-a5d1-72e1cd03a2f2', 'NikeCourt Vapor Lite 2 Premium', 'Simple, but sleek. Subtle yet studded out with playability, speed and support. The Vapor Lite 2 is ready for the court right out of the box and offers comfort for the players who like to do it all. With a familiar, super-comfortable underfoot feeling, they can help you hammer that volley at the net and stay mobile during a long rally with optimal traction. Once your session is complete, it\'s comfortable enough to wear walking off the court into wherever your day leads next. To top it off, we gave this look a multicolour glow that\'s sure to help your game steal the spotlight.\r\n\r\n\r\nCushioning for Your Match\r\n\r\nWith a plush 2-level foam system, this design helps keep you comfortable and motoring for point after point.\r\n\r\n\r\nBreathable and Durable\r\n\r\nExtra-durable mesh helps keep your feet cool. A moulded rubber overlay on the front of the shoe adds durability.\r\n\r\n\r\nBuilt to Bank\r\n\r\nSoft foam near the arch makes it easier to align your ankle with your foot while banking. Harder foam along the outside helps you push off during fast movements, whether you\'re playing tennis or pickleball.\r\n\r\n\r\nMore benefits\r\n\r\nThe herringbone outsole uses a data-informed design to create optimal grip without impacting your ability to slide. It pays homage to some of the best designs in our Vapor line.\r\nWe removed rubber in low-wear areas to help keep weight at a minimum.\r\nFull-length foot frame on the outside helps stabilise your foot during quick cuts.\r\nColour Shown: Fireberry/Multi-Colour/Fierce Pink/Metallic Red Bronze\r\nStyle: FB7065-600\r\nCountry/Region of Origin: Indonesia', '2649000', 7, 'image.jpg', '3ef050cf-31e7-48d4-b7f3-c2e60116f035', '3242b7c7-b91c-483f-ae41-49324e83b66e', 'Women', '2023-12-24 00:00:57', '2023-12-24 00:00:57'),
('5a45736b-b809-44dc-bc7c-d2ae9d794a5e', 'Air Jordan 1 Mid', 'Inspired by the original AJ1, this mid-top edition maintains the iconic look you love while choice colours and crisp leather give it a distinct identity.\r\n\r\n\r\nBenefits\r\n\r\nLeather, synthetic leather and textile upper for a supportive feel.\r\nFoam midsole and Nike Air cushioning provide lightweight comfort.\r\nRubber outsole with pivot circle gives you durable traction.\r\nColour Shown: White/Black/Gym Red\r\nStyle: DQ8426-106\r\nCountry/Region of Origin: Indonesia', '3669000', 5, 'image.jpg', '32e3c6fc-88a9-4f6d-b1e8-efe4f403bb07', '43bb4b5f-4978-4330-9f27-ebae79a907a0', 'Men', '2023-12-23 23:01:14', '2023-12-23 23:01:54'),
('5fcf6ac3-b8d5-4e44-9929-d49274b8963f', 'Nike Air Zoom Pegasus 40', '40 years. Generations of running. The Pegasus 40 reps the past and future of Nike Running. Whether you\'re gearing up for a school athletics competition, athletics training or fun runs (like your gym class mile), this shoe is for runners of all levels. They\'re breathable so your feet stay cool with every lap. Zoom Air and bouncy foam team up for the cushioning you need to feel comfortable with every stride. It\'s time to fly!\r\n\r\n\r\nBreathable Comfort\r\n\r\nThe soft engineered mesh has 3 advantages to help your next run: Lightweight so you can feel fast. Structured fit for stability. And breathability for airflow so your feet stay cool.\r\n\r\n\r\nKid-Right Cushioning\r\n\r\nMade especially for kids\' feet and for running, our Cushlon foam gives a responsive and bouncy feel with every stride. A Zoom Air unit in the forefoot brings a quick off-the-ground sensation.\r\n\r\n\r\nGround Control\r\n\r\nThe rubber sole has a waffle-inspired traction pattern to help grip surfaces and provide durability. The cut-out grooves increase flexibility for a better transition from heel to toe.\r\n\r\n\r\nMove with Stability\r\n\r\nA synthetic leather midfoot band stretches across the top to give you a secure and stable feel while running and moving in different directions.\r\n\r\n\r\nMore Benefits\r\n\r\nAn extra skin layer across the toe tip provides added durability for those who drag their toes.\r\nThe padded foam collar gives extra comfort and support around the ankle.\r\n\r\nProduct Details\r\n\r\nClassic laces\r\nColour Shown: Platinum Tint/White/Green Strike/Black\r\nStyle: DX2498-006\r\nCountry/Region of Origin: Vietnam', '2679000', 4, 'image.jpg', '3ef050cf-31e7-48d4-b7f3-c2e60116f035', '90d68216-2cd9-4e00-b592-95bcdc69f7de', 'Kid Boy', '2023-12-24 00:20:22', '2023-12-24 00:20:22'),
('604397bc-c55c-456a-8b51-6bc872dde68e', 'KD16', 'Kevin Durant\'s bag? Bottomless. His range? Limitless. Your customisation choices for the KD16 By You? Take a guess. A fresh colour palette and enough design options to satisfy even the most avid artist highlight a shoe bent on giving you breathing room to cook. Top it off with several different tongue and collar choices that\'ll help your game beam. Nike Air and Zoom Air work together to provide speed and stability for all 4 quarters, while the upper is lower and the overall load is lighter compared with the 15. It\'s ideal for the hoopaholic who can\'t say no to just one more game.\r\n\r\nCOLOUR THE UPPER\r\n\r\nWith everything from Metallic Gold and Silver to Vivid Purple, Volt and Hyper Pink, you can perk up various parts of the upper. Choose from 11 different colours to make KD\'s logo pop, highlighted by Pink Foam, Vivid Orange and metallics. You can touch up the base of the tongue and the collar lining too, like a 3D iridescent skin with a multi-colour hue or 15 different selections, if you choose to keep it the same.\r\n\r\nCOLOUR THE MIDSOLE\r\n\r\nChoose between a solid or gradient midsole colour. If you go with solid, you can speckle the midsole and pick between 16 various dotted-looking options.\r\n\r\nMAKE IT PERSONAL\r\n\r\nAdd a personal touch to this special KD16 with your initials, number or something else unique. It appears on the back of the tongue lining in KD\'s signature font, using 1–2 characters, numbers 0–9 and letters A–Z.\r\n\r\nCUSHION AND COMFORT\r\n\r\nA lightweight Nike Air unit on the bottom of the upper gives KD the cushioning and comfort he needs to thrive during a long season.\r\n\r\nHIGH-SPEED HAVEN\r\n\r\nKD loved the 15\'s underfoot experience, so we took inspiration from the previous iteration and added a bottom-loaded forefoot Zoom Air unit for extra pop and snappiness when the game hits high speeds. Responsive full-length foam adds a soft, comfortable sensation.\r\n\r\nGROOVE AND MOVE\r\n\r\nGrooves and ridges in the sole help provide multi-directional traction and court feel. A stiff piece under the arch helps keep the shoe stable and help you smoothly transition from heel to toe.\r\n\r\nMORE BENEFITS\r\n\r\nMulti-layer mesh in the upper is lightweight and dimensional with a broken-in feel. Added thickness in strategic areas helps to keep your foot in place by reducing small movements. The outsole resembles watch gears, which represent the inner workings of KD and the methodical nature of how he operates.\r\n\r\nPRODUCT DETAILS\r\n\r\nOur Members are one of a kind, and your shoes are too. Each pair is proudly made one at a time, by hand. Good things are worth the wait.\r\nWith our 3D builder, watch your creation come alive as you experiment with all kinds of design choices.', '5589000', 5, 'image.jpg', '3ef050cf-31e7-48d4-b7f3-c2e60116f035', 'e0c300ca-9c34-4172-bb96-a2ef9c96692f', 'Women', '2023-12-23 23:49:56', '2023-12-23 23:49:56'),
('68a95282-0148-4808-ad88-6e401c6b1695', 'Nike Zoom Fly 5 Premium', 'Bridge the gap between your weekend training and race day. The Nike Zoom Fly 5 can be deployed not just at the starting line of your favourite race, but in the days and months after your conquest. It offers comfort and reliability with a propulsive sensation that can help you feel fast and fresh. That kind of versatility is uncommon in the running arena. But who says you can\'t have it all?\r\n\r\n\r\nMore bounce\r\n\r\nNewly implemented ZoomX foam in the midsole takes an already respected, trusted shoe to a performance level that wasn\'t present in the Zoom Fly 4. The addition makes for a lighter, more responsive cushioning system. Take advantage of these all-purpose traits that help you have more fun on your runs.\r\n\r\n\r\nStay in rhythm\r\n\r\nFull-length articulated plate delivers a propulsive sensation and a smooth transition at various paces. The plate provides a sort of roll-forwards feel that makes you want to take on the next step.\r\n\r\n\r\nStability When You Need It\r\n\r\nBoth the forefoot and heel offer slightly wider bases for a stable platform, so you can tackle turns and long runs with confidence.\r\n\r\n\r\nMore benefits\r\n\r\nThe lightweight mesh on the upper creates a more breathable feel that moulds to your foot.\r\nThe supportive lacing and midfoot containment wrap around your foot for a contoured and secure fit.\r\n\r\nProduct details\r\n\r\nWeight: 314g (men\'s size 9)\r\nHeel-to-toe drop: 10mm\r\nReflective design details\r\nNot intended for use as personal protective equipment (PPE)\r\nColour Shown: Luminous Green/Volt/Lime Blast/Black\r\nStyle: FQ8112-331\r\nCountry/Region of Origin: Vietnam', '4999000', 6, 'image.jpg', '3ef050cf-31e7-48d4-b7f3-c2e60116f035', '90d68216-2cd9-4e00-b592-95bcdc69f7de', 'Men', '2023-12-23 22:23:16', '2023-12-23 22:23:16'),
('75741427-85fb-47cc-b29d-516e33963bdc', 'Nike Air Zoom Infinity Tour NEXT%', 'We listened to the feedback you had on the Infinity Tour, refined it and brought it to life on the Nike Air Zoom Infinity Tour NEXT%. We increased the overall volume to give your foot more room, put an extra Zoom Air unit in the forefoot for even more energy transfer through your swing and added more traction in key areas to help reduce slipping. The result is an incredibly responsive, comfortable shoe that we know you\'re going to love.\r\n\r\n\r\nBreathable Comfort\r\n\r\nBreathable textile helps your foot stay cool. The material hugs and supports you through every step for extra support and comfort. A plush, padded collar helps reduce heel slip while you move.\r\n\r\n\r\nDynamic Response\r\n\r\nThe large forefoot Zoom Air units respond to every step. Because it\'s not fully enclosed, the Air unit can move with your foot, allowing for better energy return when you push off through your swing.\r\n\r\n\r\nOptimal Grip\r\n\r\nPiston spikes and a data-informed traction pattern give you exceptional grip. The spikes are placed under the Zoom Air units and are designed to compress with pressure for better energy return and added comfort throughout your round.\r\n\r\n\r\nMore Benefits\r\n\r\nNike React technology is a lightweight, durable foam that delivers a smooth, responsive ride.\r\nGusset on the tongue makes it easier to get your shoes on and off while also adding extra side-to-side support.\r\nColour Shown: Photon Dust/Volt/Emerald Rise/Black\r\nStyle: DM8446-001\r\nCountry/Region of Origin: China', '4699000', 6, 'image.jpg', '3ef050cf-31e7-48d4-b7f3-c2e60116f035', 'f481b673-2193-4b97-a1ff-d74a6821ad07', 'Men', '2023-12-23 23:15:18', '2023-12-23 23:15:18'),
('7696d166-4e75-4fa3-ab6c-f98e193b2f62', 'NikeCourt Zoom Vapor Cage 4 Rafa', 'Innovated to withstand your toughest matches, this updated design puts flexible, durable materials exactly where they\'re needed most. Signature Rafael Nadal details let you rep your favourite player while you run the court.\r\n\r\n\r\nRep Rafa\r\n\r\nCelebrate your favourite player with Rafa\'s iconic Bull logo on the tongue and \"Rafa\" on the heel.\r\n\r\n\r\nExceptionally Durable\r\n\r\nThe data-informed design places flexible, durable materials exactly where they\'re needed the most. The outsole material wraps over the midsole on the medial side for durability.\r\n\r\n\r\nSupportive Feel\r\n\r\nUnique lacing wraps your foot for support while you move.The medial eyestays are covered for added durability while sliding.\r\n\r\n\r\nResponsive Cushioning\r\n\r\nA Zoom Air unit beneath your forefoot creates a springy sensation with every step.\r\n\r\n\r\nMore Benefits\r\n\r\nStiff frame on the lateral side creates a stable feel during side-to-side movements.\r\n1/2-length sleeve gives you a sock-like fit.\r\nDesigned for use on hard court surfaces.\r\n\r\nProduct Details\r\n\r\nRemovable insole\r\nColour Shown: Deep Jungle/Deep Jungle/Lime Ice\r\nStyle: DD1579-301\r\nCountry/Region of Origin: China', '4409000', 7, 'image.jpg', '3ef050cf-31e7-48d4-b7f3-c2e60116f035', '3242b7c7-b91c-483f-ae41-49324e83b66e', 'Men', '2023-12-23 23:23:01', '2023-12-23 23:23:01'),
('79333c5b-5b2f-4b5c-9555-dd75cb6471a5', 'Jordan Retro 6 G NRG', 'One of the reasons why MJ loves golf so much: it\'s like looking into a mirror. The only opponent he sees is staring right back at him. No teammates to play off. No defender to go at. Just him, his swing and the course. This special Jordan Retro 6, with its metallic finishes, chrome aglets and glossy Air Jordan details, takes inspiration from the internal drive that inspires both MJ and us to keep getting better every day.\r\n\r\n\r\nAJ6 Inspiration\r\n\r\nMJ\'s German sports car served as the inspiration for the original shoe\'s design, with its very essence conveying speed and class. A moulded heel tab is on the back of the shoe, something Jordan himself required back in \'91 so that it wouldn\'t hit his Achilles tendon when putting it on. Two holes in the tongue nod to the original AJ5.\r\n\r\n\r\nCourse Traction\r\n\r\nSpikes on the outsole add grip and stability for the course.\r\n\r\n\r\nMore benefits\r\n\r\nProvides water repellency in all weather conditions.\r\nLightweight foam midsole provides comfort and stability throughout your round.\r\n\r\nProduct details\r\n\r\nCushioned insole\r\nColour Shown: Photon Dust/White/Metallic Silver\r\nStyle: FD6719-001\r\nCountry/Region of Origin: China', '6459000', 7, 'image.jpg', '32e3c6fc-88a9-4f6d-b1e8-efe4f403bb07', 'f481b673-2193-4b97-a1ff-d74a6821ad07', 'Men', '2023-12-23 23:09:44', '2023-12-23 23:09:44');
INSERT INTO `products` (`product_id`, `product_name`, `desciption`, `default_price`, `default_stock_quantity`, `image`, `brand_id`, `category_id`, `gender`, `created_at`, `updated_at`) VALUES
('7cbdf4c9-791a-4110-9c82-f1acf8ad2e19', 'Nike Mercurial Superfly 9 Academy', 'Instantly tilt the pitch in the bold design of the Superfly 9 Academy MG. It\'s loaded with a Zoom Air unit and flexible NikeSkin at the top for exceptional touch, so you can dominate in the waning minutes of a match—when it matters most. Fast is in the Air.\r\n\r\n\r\nWelcome to the pitch, Zoom\r\n\r\nFor the first time in our history, Nike has developed an all-new Zoom Air unit. It sits in the plate and provides an additional level of springy underfoot feel that helps you move faster on the pitch and create separation when it matters the most—whether you\'re scoring goals, being first to the ball or going by defenders.\r\n\r\n\r\nDrive your speed\r\n\r\nThe speed cage inside the structure is made from a thin but strong material that secures the foot to the outsole without adding additional weight for optimal lockdown.\r\n\r\n\r\nDig in, take off\r\n\r\nUnique traction pattern offers super-charged traction with quick release to create separation.\r\n\r\n\r\nImproved fit\r\n\r\nFlyknit wraps your ankle in soft, stretchy fabric for a secure feel. A redone design improves the fit, so that it better simulates the foot. We did this by conducting multiple wear tests on hundreds of athletes. The result is a more contoured toe box and better lockdown in the heel.\r\n\r\n\r\nBarefoot feel\r\n\r\nThe upper has NikeSkin, a soft and flexible mesh material linked together by a thin coating. It helps provide ball control and truly gives you a feeling of barefoot football.\r\n\r\n\r\nProduct details\r\n\r\nFor use on natural and synthetic surfaces\r\nCushioned insole\r\nColour Shown: Black/Hyper Royal/Chrome\r\nStyle: DJ5625-040\r\nCountry/Region of Origin: China', '2779000', 4, 'image.jpg', '3ef050cf-31e7-48d4-b7f3-c2e60116f035', '4ac0cd63-927a-43a4-a165-1507c1cfc78c', 'Men', '2023-12-23 22:49:58', '2023-12-23 22:49:58'),
('7d0fab10-76cd-4ff0-831f-4d2900559bdd', 'Nike Mercurial Vapor 15 Elite', 'The pitch is yours when you lace up in the Vapor 15 Elite FG. We added a Zoom Air unit, made specifically for football, and grippy texture up top for exceptional touch, so you can dominate in the waning minutes of a match—when it matters most. Feel the explosive speed as you race around the pitch, making the critical plays with velocity and pace. Fast is in the Air.\r\n\r\n\r\nWelcome to the pitch, Zoom\r\n\r\nFor the first time in our history, Nike has developed an all-new, football-specific 3/4 Zoom Air unit. It sits in the plate and provides an additional level of springy underfoot feel that helps you move faster on the pitch and create separation when it matters the most—whether you\'re scoring goals, being first to the ball or going by defenders.\r\n\r\n\r\nDrive your speed\r\n\r\nThe speed cage inside the structure is made from a thin but strong material that secures the foot to the outsole without adding additional weight for optimal lockdown.\r\n\r\n\r\nDig in, take off\r\n\r\nTri-star studs provide multi-directional traction with every step, so you can change directions quickly and confidently. Heel studs provide traction and stability when braking. Toe-off centre studs give you traction during explosive starts.\r\n\r\n\r\nImproved fit\r\n\r\nA redone design improves the fit, so that it better simulates the foot. We did this by conducting multiple wear tests on hundreds of athletes. The result is a more contoured toe box and better lockdown in the heel.\r\n\r\n\r\nFeel the ball\r\n\r\nThe upper is made from Vaporposite+, which combines a grippy, grid mesh with a premium material for optimal ball control at high speeds. The material provides a tactile feel across the surface of the upper. It\'s soft but stable, and wraps tightly around your foot, giving you a more natural on-ball feel when dribbling, passing or scoring.\r\n\r\n\r\nProduct details\r\n\r\nFor use on slightly wet, short-grass pitches\r\nCushioned insole\r\nColour Shown: Black/Hyper Royal/Chrome\r\nStyle: DJ4978-040\r\nCountry/Region of Origin: China', '7319000', 3, 'image.jpg', '3ef050cf-31e7-48d4-b7f3-c2e60116f035', '4ac0cd63-927a-43a4-a165-1507c1cfc78c', 'Men', '2023-12-23 22:45:55', '2023-12-23 22:45:55'),
('8180ff8e-d010-4abd-8078-caabe22455a3', 'Nike Tiempo Legend 10 Club', 'Even Legends find ways to evolve. Whether you\'re starting out or just playing for fun, the latest iteration of this Club boot gets you on the pitch without compromising on quality. The synthetic leather contours to your foot and doesn\'t overstretch, giving you better control. Lighter and sleeker than any other Tiempo to date, the Legend 10 is for any position on the pitch, whether you\'re sending a pinpoint pass through the defence or tracking back to stop a break-away.\r\n\r\n\r\nAmplified touch\r\n\r\nThe moulded synthetic leather mimics a quilted sensation for improved touch.\r\n\r\n\r\nNatural, contouring fit\r\n\r\nThe synthetic leather moulds to your foot and gives you better control, helping you stay comfortable for your match.\r\n\r\n\r\nTraction for the pitch\r\n\r\nThe plate places conical studs in the heel for optimal traction and stability when braking and changing direction—just right under any conditions.\r\n\r\n\r\nProduct details\r\n\r\nFor use on natural and synthetic surfaces\r\nCushioned insole\r\nColour Shown: White/Bright Crimson/Black\r\nStyle: DV4344-100\r\nCountry/Region of Origin: Vietnam', '1609000', 7, 'image.jpg', '3ef050cf-31e7-48d4-b7f3-c2e60116f035', '4ac0cd63-927a-43a4-a165-1507c1cfc78c', 'Women', '2023-12-23 23:51:53', '2023-12-23 23:51:53'),
('8b4e1e6a-084e-4a08-b204-fb3da95540fe', 'Nike Phantom GX Pro', 'Serious about your game? The pro boot is for the pinpoint passer who can curl the ball around the defence and the inventive, yet elusive yo-yo dribbler who has the ball on a string. Your game is all about precision, making the plays that matter most. Take your skills to the next level with some of Nike\'s greatest innovations, like an enlarged touch zone up top. It complements a design that moves with your natural on-pitch flow, so you can command the game from any position.\r\n\r\n\r\nEnhanced Touch\r\n\r\nAn expanded NikeSkin touch zone, powered by engineered mesh, brings your foot even closer to the ball for better control while dribbling and passing in wet or dry conditions. The upper is soft and almost knit-like while the contact zone on the inside of the boot is heightened for even better touch.\r\n\r\n\r\nContoured for Comfort\r\n\r\nAsymmetry in the heel provides comfort. Soft elements in the heel make for an easy break-in process and help reduce irritation and pressure without compromising stability and structure.\r\n\r\n\r\nTraction for the pitch\r\n\r\nTri-star studs work with forefoot flex grooves to provide optimal traction and help unlock change of direction. See the lines on the outsole? They match your typical on-pitch movements, which push forwards then zigzag before a strike.\r\n\r\n\r\nProduct details\r\n\r\nFor use on slightly wet, short-grass pitches\r\nCushioned insole\r\nColour Shown: Hyper Turquoise/Fuchsia Dream/White/Black\r\nStyle: DD9463-300\r\nCountry/Region of Origin: Indonesia', '4109000', 7, 'image.jpg', '3ef050cf-31e7-48d4-b7f3-c2e60116f035', '4ac0cd63-927a-43a4-a165-1507c1cfc78c', 'Women', '2023-12-23 23:53:40', '2023-12-23 23:53:40'),
('93bd8b13-b062-4b67-bfd4-746bf6132305', 'Nike Superfly 9 Elite Mercurial Dream Speed', 'You\'ve perfected your skill through endless training and channelled your inner fire into your craft. Now, when the weight of the match is squarely on your shoulders, rise to the occasion and deliver. Bold reds and gentle oranges speak to the fearless-yet-grounded attitude needed to embrace these pressure-packed moments. Loaded with a football-specific Zoom Air unit and sticky touch, the Elite boot helps you—and the world\'s biggest stars—take your game to the next level and put the pedal down in the waning minutes of a match, when it matters most.\r\n\r\n\r\nPressure ready\r\n\r\nUndulating, undaunted reds and soothing, rolling oranges represent the passion and adrenaline that arise when the game\'s pressure peaks. Repeating patterns represent the unseen training and endless repetitions that you pour into your game, so that you\'re ready for the pressure. The blend of technical skill and emotional drive combines for a moment of focus and clarity.\r\n\r\n\r\nSpringy underfoot feel\r\n\r\nA 3/4-length Zoom Air unit sits in the plate and provides an extra level of springy underfoot feel that helps you move fast on the pitch and create separation when it matters the most—whether you\'re scoring goals, being first to the ball or going past defenders.\r\n\r\n\r\nImproved fit\r\n\r\nFlyknit wraps your ankle in soft, stretchy fabric for a secure feel. A redone design improves the fit, so that it better simulates the foot. We did this by conducting multiple wear tests on hundreds of athletes. The result is a more contoured toe box and better fit in the heel.\r\n\r\n\r\nFeel the ball\r\n\r\nThe upper is made from Vaporposite+, which combines a grippy, grid mesh with a premium material for optimal ball control at high speeds. The material provides a tactile feel across the surface of the upper. It\'s soft but stable, and wraps tightly around your foot, giving you a more natural on-ball feel when dribbling, passing or scoring.\r\n\r\n\r\nDig in, take off\r\n\r\nTri-star studs provide multi-directional traction with every step, so you can change directions quickly and confidently. Heel studs provide traction and stability when braking. Toe-off centre studs give you traction during explosive starts.\r\n\r\n\r\nDrive your speed\r\n\r\nThe speed cage inside the structure is made from a thin but strong material that secures the foot to the outsole without adding weight.\r\n\r\n\r\nProduct details\r\n\r\nFor use on slightly wet, short-grass pitches\r\nCushioned insole\r\nColour Shown: Light Crimson/Bright Mandarin/Black/Pale Ivory\r\nStyle: FD1157-600\r\nCountry/Region of Origin: China', '8349000', 12, 'image.jpg', '3ef050cf-31e7-48d4-b7f3-c2e60116f035', '4ac0cd63-927a-43a4-a165-1507c1cfc78c', 'Men', '2023-12-23 22:47:36', '2023-12-23 22:47:36'),
('960a800c-673b-4de9-8e73-1c9999a4306f', 'Nike G.T. Hustle 2 GTE EP', 'Your game is as great as ever, but you\'re not the type that basks in past glory. Confident, never content. Skilled, but always pushing to be the absolute best player you can be, day in, day out. This special design celebrates the go-getters who dream about leading the next fast break, ending tomorrow\'s casual game on a win or being Saturday\'s on-the-run game-winner. Loaded with cushion in the core, this shoe helps you stay moving forwards—from check-up to \'that\'s game\'. With its extra-durable rubber outsole, this version gives you traction for outdoor courts.\r\n\r\n\r\nLightweight, smooth, responsive\r\n\r\nThe full-length foam is perfect for providing cushioning at high speed and helps keep your foot from moving around in the shoe. We paired the foam with a moulded insole that makes for a potent combination of soft responsiveness.\r\n\r\n\r\nBouncy and smooth\r\n\r\nWe stitched a full-length Zoom Air unit to the bottom of the upper to give you a propulsive feeling down the floor and optimal energy return from the 1st step you take to the last. Whether you\'re exploding out of triple threat or sprinting from baseline to baseline, it gives you responsiveness directly under your foot.\r\n\r\n\r\nMinimal so you can move\r\n\r\nBuilt like a modern running shoe, the minimal upper helps keep the shoe as lightweight as possible. The mesh uses reinforced layers to create support around the toe, heel and midfoot, delivering stability without adding weight.\r\n\r\n\r\nAnkle support\r\n\r\nPadded, mid-high collar adds support around the ankle without sacrificing agility.\r\n\r\n\r\nMore benefits\r\n\r\nFoam tongue helps reduce lace pressure.\r\nThe Waffle herringbone traction pattern offers great bite and court feel.\r\nColour Shown: Black/Multi-Colour/Picante Red/Black\r\nStyle: FV4139-001\r\nCountry/Region of Origin: China', '5279000', 6, 'image.jpg', '3ef050cf-31e7-48d4-b7f3-c2e60116f035', 'e0c300ca-9c34-4172-bb96-a2ef9c96692f', 'Men', '2023-12-23 22:44:21', '2023-12-23 22:44:21'),
('977ba539-8386-4197-82fd-623a6cd7b5bb', 'Nike Air Force 1 \'07', 'The radiance lives on in the Nike Air Force 1 \'07, the basketball original that puts a fresh spin on what you know best: durably stitched overlays, clean finishes and the perfect amount of flash to make you shine.\r\n\r\n\r\nBenefits\r\n\r\nThe stitched overlays on the upper add heritage style, durability and support.\r\nOriginally designed for performance hoops, the Nike Air cushioning adds lightweight, all-day comfort.\r\nThe low-cut silhouette adds a clean, streamlined look.\r\nThe padded collar feels soft and comfortable.\r\n\r\nProduct Details\r\n\r\nFoam midsole\r\nPerforations on the toe\r\nRubber sole\r\nColour Shown: White/White\r\nStyle: CW2288-111\r\nCountry/Region of Origin: Vietnam,India\r\n\r\nAir Force 1 Origins\r\n\r\nDebuting in 1982, the AF-1 was the first basketball shoe to house Nike Air, revolutionising the game while rapidly gaining traction around the world. Today, the Air Force 1 stays true to its roots with the same soft and springy cushioning that changed sneaker history.', '2929000', 10, 'image.jpg', '3ef050cf-31e7-48d4-b7f3-c2e60116f035', 'e0c300ca-9c34-4172-bb96-a2ef9c96692f', 'Men', '2023-12-23 22:15:05', '2023-12-23 22:15:05'),
('98f0590f-3fbe-47e6-8e31-b00445e38925', 'Nike Air Max 90 LTR', 'ICONIC AIR FOR KIDS.\r\n\r\n\r\nThe Nike Air Max 90 LTR returns with an even better feel for you. Cushioning is softer and more flexible, the Max Air unit is tuned for growing feet and the shape gives your toes more wiggle room. With a design and look that are still the same, it brings a \'90s fave to a new generation.\r\n\r\n\r\nUpdated Classic\r\n\r\nThe low-top kicks are made from real and synthetic leather that\'s durable and brings a classic feel. The shape gives toes more wiggle room and the fit helps keep growing feet comfortable.\r\n\r\n\r\nCushioned Comfort\r\n\r\nThe Max Air unit has a softer feel that\'s tuned right for kids. Plus, comfy and flexible foam makes for easy steps.\r\n\r\n\r\nPadded Design\r\n\r\nExtra padding around the ankle gives a plush feel so you can slip right into comfort.\r\n\r\n\r\nNatural Moves\r\n\r\nThe full-length rubber sole features grooves for flexibility so every step feels natural.', '2549000', 3, 'image.jpg', '3ef050cf-31e7-48d4-b7f3-c2e60116f035', '90d68216-2cd9-4e00-b592-95bcdc69f7de', 'Kid Girl', '2023-12-24 01:02:42', '2023-12-24 01:02:42'),
('a0bbeaa0-eeec-4fca-9e51-67c301c69721', 'Nike Interact Run', 'Can you see the future? Fast-forward your footsteps in the cutting-edge Nike Interact Run. It\'s set up with all the running goodness you need: a lightweight Flyknit upper, soft foam midsole and comfort where it counts. Scan the QR code on the tongue with your phone, and check out our online introduction to the Nike Interact Run\'s ins and outs.\r\n\r\n\r\nTo the future\r\n\r\nA scannable QR code on the tongue acts as your tour guide to the Interact Run\'s performance benefits. It offers tips on how to extend the life cycle of your shoe from upkeep options to repairs and long-term care. Finally, when you\'ve logged all the miles you can, the QR code will suggest ways to recycle and donate the shoes once they\'ve run their course.\r\n\r\n\r\nMade from Nike Grind\r\n\r\nThe Waffle outsole is made from at least 13% Nike Grind material, crafted from scraps from the footwear-manufacturing process.\r\n\r\n\r\nSoft ride\r\n\r\nThe soft, responsive foam in the midsole gives you a comfortable, smooth ride for your run and wherever else your day takes you. The high foam heights provide a soft feel.\r\n\r\n\r\nFly Away\r\n\r\nThe Flyknit upper has zones of breathability where your foot heats up most, specifically in the toe box. It\'s strong and durable, helping keep your foot secure with every mile. The airy and breezy upper hugs your foot in a free and easy way.\r\n\r\n\r\nMore benefits\r\n\r\nWe created the rubber outsole using runner-informed data for traction where you need it.\r\nThe overlays on the toe offer durability.\r\n\r\nProduct details\r\n\r\nNot intended for use as personal protective equipment (PPE)\r\nColour Shown: Ashen Slate/Football Grey/Star Blue/Black\r\nStyle: FD2291-401\r\nCountry/Region of Origin: Vietnam', '2349000', 3, 'image.jpg', '3ef050cf-31e7-48d4-b7f3-c2e60116f035', '90d68216-2cd9-4e00-b592-95bcdc69f7de', 'Men', '2023-12-23 22:27:45', '2023-12-23 22:27:45'),
('a1e1e1da-8e32-41e9-a9c5-4cfe871567e2', 'Air Jordan 1 Low SE', 'Low-top but never low profile. Inspired by the original that debuted in \'85, this AJ1 offers a clean, classic look that\'s familiar yet always fresh. Pairing full-grain leather overlays with satin underlays gives these Js an extra-smooth look and feel.\r\n\r\n\r\nBenefits\r\n\r\nEncapsulated Nike Air-Sole unit provides lightweight cushioning.\r\nThe outsole enhances traction on various surfaces.\r\nColour Shown: Brown Kelp/Sail/Sky J Light Olive\r\nStyle: FB9893-300\r\nCountry/Region of Origin: Vietnam', '3669000', 6, 'image.jpg', '32e3c6fc-88a9-4f6d-b1e8-efe4f403bb07', '43bb4b5f-4978-4330-9f27-ebae79a907a0', 'Women', '2023-12-24 00:05:57', '2023-12-24 00:05:57'),
('a470e082-652c-4061-b2c6-bf69fef08593', 'Nike Air Force 1 \'07', 'The radiance lives on in the Nike Air Force 1 \'07, the b-ball icon that puts a fresh spin on what you know best: crisp leather, bold colours and the perfect amount of flash to make you shine.\r\n\r\n\r\nBenefits\r\n\r\nThe stitched leather overlays on the upper add heritage style, durability and support.\r\nOriginally designed for hoops, Nike Air cushioning adds lightweight, all-day comfort.\r\nThe low-cut silhouette adds a clean, streamlined look.\r\nThe padded collar feels soft and comfortable.\r\n\r\nProduct Details\r\n\r\nFoam midsole\r\nPerforations on the toe\r\nColour Shown: White/Rugged Orange\r\nStyle: DD8959-115\r\nCountry/Region of Origin: Vietnam\r\n\r\nAir Force 1 Origins\r\n\r\nDebuting in 1982, the AF-1 was the first basketball shoe to house Nike Air, revolutionising the game while rapidly gaining traction around the world. Today, the Air Force 1 stays true to its roots with the same soft and springy cushioning that changed sneaker history.', '2929000', 7, 'image.jpg', '3ef050cf-31e7-48d4-b7f3-c2e60116f035', '43bb4b5f-4978-4330-9f27-ebae79a907a0', 'Women', '2023-12-23 23:27:31', '2023-12-23 23:27:31'),
('a6f8665a-e536-4b40-997f-c55e67316939', 'Nike Metcon 9 AMP', 'Whatever your \"why\" is for working out, the Metcon 9 makes it all worth it. We improved on the 8 with a larger Hyperlift plate and added rubber rope wrap. Intended for lifters, trainers and go-getters, some of the greatest athletes in the world swear by it, and it\'s still the gold standard that delivers day after day.\r\n\r\n\r\nTougher and stronger\r\n\r\nWe made the Hyperlift plate in the heel even bigger for stability when tackling tough workouts like Split Squats, Dead Lifts and other lower-body exercises. The plate helps force weight down and out while adding rigidity in the heel. That firmness helps you feel grounded and supported, specifically under heavier loads.\r\n\r\n\r\nSecure feel\r\n\r\nThe lace-lock system attaches to the shoe tongue, so you don\'t have to worry about latching it to any fabric. It helps keep your laces in place, so once you tie up, you can focus solely on your workout.\r\n\r\n\r\nGo to the top\r\n\r\nWe extended the rubber wrap on the side for durability and support so that you can scale any kind of rope climb with the same repeated velocity without worrying about wear and tear. It stretches from the midsole to the upper and adds some support in the upper for multi-directional movements.\r\n\r\n\r\nDurable and cool\r\n\r\nThe lightweight, breathable mesh helps keep your foot cool yet sports the kind of durability that can withstand scrapes, slashes and quick-drag movements.\r\n\r\n\r\nFeel the foam\r\n\r\nA dual-density midsole—firm foam on the outside, soft foam on the inside—provides responsive cushioning for lasting comfort for continuous cardio and movements.\r\n\r\n\r\nMore benefits\r\n\r\nA full-rubber outsole provides durable traction for dynamic movements like Cleans and Walking Lunges.\r\nBreathable textile has a haptic print, which creates a 3D effect that adds durability and texture, helping make it easier to keep your shoes clean. It also provides flexible, durable support in the toe area so, when your toes splay when lifting heavy weights, it won\'t feel restrictive.\r\nColour Shown: Atomic Orange/Ice Peach/Peach Cream/White\r\nStyle: DZ2616-800\r\nCountry/Region of Origin: Vietnam', '4109000', 7, 'image.jpg', '3ef050cf-31e7-48d4-b7f3-c2e60116f035', '6707e838-ee4f-4baf-8e09-1aba1af255ae', 'Men', '2023-12-23 22:53:44', '2023-12-23 22:53:44'),
('afdf8ec1-d6db-43f8-a869-e6df8f7a2c55', 'Nike Air Force 1 SE', 'Powered by flowers, these special-edition sneakers are all about stopping to appreciate the little things that put a smile on your face. With smooth leather, tough stitching, comfy Air cushioning and durable tread, this play-ready Air Force 1 is certainly worth smiling about. Originally an all-star on the basketball court, this sneaker is now a superstar on the playground. How will you wear it?\r\n\r\n\r\nBenefits\r\n\r\nReal and synthetic leather add heritage style, durability and support—just like the Air Force 1 first released in \'82.\r\nOriginally designed for performance hoops, hidden Air cushioning in the heel helps deliver lasting comfort.\r\nPadded low-cut collar looks sleek and feels great.\r\nRubber outsole adds traction and durability. Fun fact: the circular tread pattern originally helped basketball players pivot on the court.\r\n\r\nProduct details\r\n\r\nClassic laces\r\nPerforations on the toe\r\nColour Shown: Sand Drift/Twine/Black/White\r\nStyle: FZ1615-100\r\nCountry/Region of Origin: Indonesia\r\n\r\nAir Force 1\r\n\r\nDebuting in 1982 as a basketball must-have, the Air Force 1 came into its own in the \'90s. The clean look of the classic white-on-white AF-1 was endorsed from the basketball courts to the street and beyond. Finding its rhythm in hip-hop culture, releasing limited collabs and colourways, Air Force 1 became an iconic sneaker around the globe. And with over 2,000 iterations of this staple, its impact on fashion, music and sneaker culture can\'t be denied.', '2549000', 6, 'image.jpg', '3ef050cf-31e7-48d4-b7f3-c2e60116f035', '43bb4b5f-4978-4330-9f27-ebae79a907a0', 'Kid Boy', '2023-12-24 00:28:43', '2023-12-24 00:28:43'),
('b0bd1595-9414-4e78-9baa-e7acf25521c8', 'Sabrina 1 \'West Coast Roots\' EP', 'Sabrina Ionescu\'s game is unique, hard to define and built with an undeniable craft. Her signature shoe helps you unlock your versatility with a snappy forefoot Zoom Air unit and cloud-like React foam to help keep you energised. We used insights from next-gen athletes of all genders around the world to bring grippy, best-in-class traction, reliable midfoot support and stability to the court—which every hooper needs. Built for crafty players like Sabrina, but made for anyone who\'s ready to put in the work to take their game to the next level. With its extra-durable rubber outsole, this version gives you traction for outdoor courts.\r\n\r\n\r\nBehind the design\r\n\r\nWhile she\'s ascending to superstardom 3,000 miles away, Sabrina never forgets her roots. This special design takes inspiration from the scenic West Coast sunsets she grew up watching after long days of grinding in the gym.\r\n\r\n\r\nCut quickly\r\n\r\nAthletes like Sabrina informed us on how to build the traction pattern on the outsole. The result? It helps you feel quick in and out of cuts. Feel the hardwood under your feet as you change direction in an instant.\r\n\r\n\r\nStay fresh\r\n\r\nWe\'ve paired a top-loaded forefoot Zoom Air unit with a full-length React foam core to deliver the ideal balance of stability, ground control and cushioning. The unstoppable combination meets at the intersection of speed and endurance, allowing you to play fast and dictate tempo without feeling depleted as the game rages on.\r\n\r\n\r\nPlay with confidence\r\n\r\nWe teamed the collar with a midfoot band system that allows conformability and adjustability around the arch of your foot, all in the name of unlocking quick play and inspiring confidence on the court.\r\n\r\n\r\nSecurity up top\r\n\r\nThe collar offers optimal support with minimalism, giving you the support you need, without any unnecessary weight.\r\n\r\n\r\nPersonal touch\r\n\r\nWhenever Sabrina gives her autograph, she signs her name with a dot above her signature, true to her Romanian pronunciation. This detail, wrapped around her shoe, pays homage to the Ionescu family and the communities that helped push her to make playing pro basketball possible.', '3519000', 7, 'image.jpg', '3ef050cf-31e7-48d4-b7f3-c2e60116f035', 'e0c300ca-9c34-4172-bb96-a2ef9c96692f', 'Women', '2023-12-23 23:45:46', '2023-12-23 23:45:46'),
('b560dbfa-fe0d-4caa-adbe-5d61253a01d4', 'Chuck Taylor All Star Construct Vintage Athletic', 'GLORY DAYS\r\n\r\nStep into the future while your \'fit nods to the past. These vintage varsity high tops bring just the right amount of retro with bold colors and a classic Chuck Taylor patch. Modern comforts include OrthoLite cushioning and a lightweight midsole, so you can navigate the now with ease.\r\n\r\nFeatures And Benefits\r\nHigh top shoe with a canvas upper\r\nVintage color pops on the heel, Chuck patch, and outsole\r\nOrthoLite cushioning for consistent comfort\r\nRubber outsole tread and striping detail for durability\r\n\r\nThere may be a 1-2cm difference in measurements depending on the development and manufacturing process.\r\nColor Disclaimer:\r\n\r\nActual colors may vary. This is due to the fact that every computer monitor has a different capability to display colors, we cannot guarantee that the color you see accurately portrays the true color of the product.', '2500000', 3, 'image.jpg', '0149a509-9bb8-4524-8b0f-84c48d27ed7f', '43bb4b5f-4978-4330-9f27-ebae79a907a0', 'Men', '2023-12-24 00:43:42', '2023-12-24 00:43:42'),
('b60b6594-f7c4-48e2-b6d9-46da1c8cead2', 'Jordan Stadium 90', 'Comfort is king, but that doesn\'t mean you have to sacrifice style. Taking design inspiration from the AJ1 and AJ5, the Stadium 90 is ready for everyday wear. The upper is made from synthetic leather and textiles, sporting a combination of the AJ1 toe box and flame details from the AJ5. Nike Air cushioning makes every step as effortless as your style.\r\n\r\n\r\nBenefits\r\n\r\nDurable upper is made from real leather, synthetic leather and textile materials.\r\nNike Air technology absorbs impact for cushioning with every step.\r\nRubber outsole provides everyday traction.\r\n\r\nProduct details\r\n\r\nRubber outsole pays homage to the AJ1\r\nFlame details and heel branding reference the AJ5\r\nColour Shown: White/Cool Grey/Black\r\nStyle: HF5258-102\r\nCountry/Region of Origin: China', '4109000', 10, 'image.jpg', '32e3c6fc-88a9-4f6d-b1e8-efe4f403bb07', '90d68216-2cd9-4e00-b592-95bcdc69f7de', 'Men', '2023-12-23 22:18:48', '2023-12-23 22:18:48'),
('b6925044-b883-49b1-96f8-4f16001a681e', 'Nike SuperRep 4 NN Premium', 'The quad-burning box jumps that bring your \"why\" into focus. The sweat-soaked super-sets that leave you bent over double. This is what you live for: the struggle, the moment of truth, the breakthrough, the transformation. Designed for quick bursts of force, heart-thumping tempo changes and fast-paced workouts, this shoe helps push you to fresh HIIT heights. To top it off, we gave this look a multi-colour glow with Gold accents that\'s sure to help your gains steal the spotlight.\r\n\r\n\r\nMade from Nike Grind\r\n\r\nThe outsole has at least 13% Nike Grind material, made from scraps from the footwear manufacturing process.﻿\r\n\r\n\r\nBounce Right Back\r\n\r\nEvery time you land on your forefoot, 2 powerful Zoom Air units absorb your energy and send it right back—launching you into your next step or jump. A full-length plate distributes the energy, helping balance your foot.\r\n\r\n\r\nSide-to-Side Support\r\n\r\nThe large arc on the side acts as a brace for your foot when you\'re cutting hard from side to side. The mesh ribbing up top—stitched in with a more secure feel on this version—helps keep your foot snug during moves like lateral bounds and side lunges.\r\n\r\n\r\nLightweight, Multi-Directional Support\r\n\r\nThe sleek, integrated mesh creates zones of lightweight support and breathability just where you need it most. The frame and mesh combine to create more forefoot volume to keep it comfortable for a wide range of foot types.\r\n\r\n\r\nEase of Entry\r\n\r\nAn improved fit includes a fully adjustable tongue that lets you step in, cinch down and pour everything you\'ve got into your workout. The tongue combined with the comfort collar makes for easy on and off.\r\n\r\n\r\nMore benefits\r\n\r\nOpen mesh lining helps air flow to help keep your foot cool.\r\nSplit sole promotes more forefoot flexibility for movements like burpees and planks.\r\nColour Shown: Black/Pewter/Metallic Gold\r\nStyle: FB7154-001\r\nCountry/Region of Origin: Vietnam', '4109000', 7, 'image.jpg', '3ef050cf-31e7-48d4-b7f3-c2e60116f035', '6707e838-ee4f-4baf-8e09-1aba1af255ae', 'Women', '2023-12-23 23:55:05', '2023-12-23 23:55:05'),
('b8706de8-8175-4a76-9a02-798ea3869930', 'Nike Air Max 1', 'Meet the leader of the pack. Walking on clouds above the noise, the Air Max 1 blends timeless design with cushioned comfort. Sporting a fast-paced look, wavy mudguard and Nike Air, this classic icon hit the scene in \'87 and continues to be the soul of the franchise today.\r\n\r\n\r\nBenefits\r\n\r\nPlush and comfortable, the Max Air cushioning has just the right amount of support.\r\nThe Waffle outsole with flex grooves provides traction that\'s flexible and durable.\r\nColour Shown: White/Deep Royal Blue/Pure Platinum/Black\r\nStyle: FD9082-100\r\nCountry/Region of Origin: China\r\n\r\nAir Max 1\r\n\r\nSure, Air Max 1 started as a running shoe, but you can\'t keep innovation contained. Adopted by hip-hop culture, this runner with a controversial exposed Air unit could be found anywhere from the heart of Brooklyn to the streets of London. Its cutting-edge design and striking colourways, to this day, are celebrated year after year.', '4109000', 7, 'image.jpg', '3ef050cf-31e7-48d4-b7f3-c2e60116f035', '43bb4b5f-4978-4330-9f27-ebae79a907a0', 'Men', '2023-12-23 22:59:20', '2023-12-23 22:59:20'),
('bbb759c8-3a59-4bf9-9184-692c0459d31e', 'Air Jordan 1 Zoom CMFT 2', 'Premium suede and Jordan Brand\'s signature Formula 23 foam come together to give you an extra luxurious (and extra cosy) AJ1. You don\'t need to play \"either or\" when it comes to choosing style or comfort with this one—which is nice, \'cause you deserve both.\r\n\r\n\r\nBenefits\r\n\r\nNike Air technology absorbs impact for cushioning with every step.\r\nSuede on the upper and toe breaks in easily and contours to your feet.\r\nJordan Formula 23 foam keeps your feet extra padded.\r\nColour Shown: Sail/Royal Pulse/Light Silver/Alpha Orange\r\nStyle: DV1307-184\r\nCountry/Region of Origin: Indonesia', '4259000', 6, 'image.jpg', '32e3c6fc-88a9-4f6d-b1e8-efe4f403bb07', '43bb4b5f-4978-4330-9f27-ebae79a907a0', 'Men', '2023-12-23 23:05:33', '2023-12-23 23:05:33'),
('c18c5ec0-a343-4ca9-99d5-25ef0c4af291', 'Air Jordan 1 Low', 'Inspired by the original that debuted in 1985, the Air Jordan 1 Low offers a clean, classic look that\'s familiar yet always fresh. With an iconic design that pairs perfectly with any \'fit, these kicks ensure you\'ll always be on point.\r\n\r\n\r\nBenefits\r\n\r\n- Encapsulated Air-Sole unit provides lightweight cushioning.\r\n- Genuine leather in the upper offers durability and a premium look.\r\n- Solid rubber outsole enhances traction on a variety of surfaces.\r\n- Colour Shown: White/Black/White/Royal Blue\r\n- Style: 553558-140\r\n- Country/Region of Origin: Vietnam\r\n\r\nTried and True\r\nA timeless rubber cupsole teams up with a plush sockliner and encapsulated Nike Air cushioning for all-day comfort. A rubber outsole supplies durable traction on a variety of surfaces.', '3239000', 10, 'image.jpg', '3ef050cf-31e7-48d4-b7f3-c2e60116f035', '90d68216-2cd9-4e00-b592-95bcdc69f7de', 'Men', '2023-12-23 22:11:46', '2023-12-23 22:11:46'),
('c4fe21ca-e75e-478c-8d75-716159cffff9', 'Jordan Nu Retro 1 Low', 'Pulled out of the vault, these low tops are back. Inspired by the original Wings logo and design of the AJ1, these all-day, everyday shoes are ready for whatever. Smooth leather uppers and a big embossed logo will help you stand out, however you style \'em.\r\n\r\n\r\nBenefits\r\n\r\nNike Air technology absorbs impact for cushioning with every step.\r\nLow-cut, cushioned collar fits comfortably around your ankle.\r\nRubber sole gives you ample traction.\r\nColour Shown: Medium Olive/Light Bone/Anthracite/Black\r\nStyle: FB4412-200\r\nCountry/Region of Origin: Vietnam', '2299000', 6, 'image.jpg', '32e3c6fc-88a9-4f6d-b1e8-efe4f403bb07', 'e0c300ca-9c34-4172-bb96-a2ef9c96692f', 'Kid Boy', '2023-12-24 00:24:53', '2023-12-24 00:24:53'),
('c908b6bb-1ce1-47d4-849b-b5302762e533', 'Run Star Motion CX Platform', 'Reflecting the energy of city streets, the Run Star Motion\'s playful and distorted lines are built for future movement. Reimagined from the inside out, the elevated stance and CX foam midsole help bring next-level comfort to every stride. The upper stays true to the original, juxtaposed by future-forward design details for bold self-expression. An exaggerated, wavy platform and sculptural traction lugs raise you up and help keep you steady with standout traction.\r\n\r\nFeatures And Benefits\r\nHigh-top sneaker with 16oz cotton canvas upper\r\nMesh lining for breathability\r\nSuede leather overlays for texture and style\r\nA mono black design pairs easily with anything and everything\r\nLugged rubber outsole with chevron-inspired tread for enhanced traction\r\n\r\nSize Disclaimer: There may be a 1-2cm difference in measurements depending on the development and manufacturing process.\r\n\r\nColor Disclaimer: Actual colors may vary. This is due to the fact that every computer monitor has a different capability to display colors, we cannot guarantee that the color you see accurately portrays the true color of the product.', '2600000', 6, 'image.jpg', '0149a509-9bb8-4524-8b0f-84c48d27ed7f', '90d68216-2cd9-4e00-b592-95bcdc69f7de', 'Men', '2023-12-24 00:41:05', '2023-12-24 00:41:05'),
('c99bbea7-aeee-4e57-9b77-e85ce35890d4', 'Nike InfinityRN 4 GORE-TEX', 'With supportive cushioning built for a smooth run, the Nike InfinityRN 4 is a brand-new take on a familiar favourite. It\'s made from our all-new Nike ReactX foam, which gives you 13% more energy return compared to Nike React foam, to help you stay fresh and bouncy. (What\'s more? Nike ReactX reduces its carbon footprint in a pair of midsoles by at least 43% compared with Nike React foam.*) This version has GORE-TEX fabric to help you stay dry for your miles. It\'s the kind of shoe that supports every step in style. *The carbon footprint of ReactX is based on a cradle-to-gate assessment reviewed by PRé Sustainability B.V. and Intertek China. Other midsole components such as airbags, plates or other foam formulations were not considered.\r\n\r\n\r\nWhat\'s new about the Nike InfinityRN 4?\r\n\r\nThis version of the Nike InfinityRN 4 still provides a plush and smooth ride, with ReactX foam delivering more support. The wider toe box helps your foot feel stable and secure.\r\n\r\n\r\nDry Design\r\n\r\nWaterproof GORE-TEX fabric helps keep you dry so you can focus on the adventure.\r\n\r\n\r\nCushioning: super-high\r\n\r\nThe more cushioning you have underfoot, the softer and more comfortable your running experience can be. Cushioning helps soften the impact as your feet hit the ground. ReactX foam gives you an incredibly smooth feeling, helping you push your limits.\r\n\r\n\r\nSupport: high\r\n\r\nThe more supportive the shoe, the more stability it can give to your natural stride. A combination of tuned support and intentionally placed cushioning helps you feel secure with every step. A curved outsole helps your foot rock smoothly from heel to toe and through your stride to footstrike. It makes every step feel more natural and adds efficiency to your run, helping you waste less energy as you hit your stride.\r\n\r\n\r\nResponsiveness: moderate\r\n\r\nThe more responsive the shoe, the more energy return you can get back with each step. Whether you want to run a little bit faster or with a little less effort, responsive shoes help give you slightly more spring in your step to get more out of your run. ReactX foam gives you +13% energy return compared with React foam, helping you stay fresh and bouncy during your run.\r\n\r\n\r\nReliable Traction\r\n\r\nA Storm Tread outsole provides reliable traction on wet and slippery surfaces. The rubber wraps around the front of the shoe for extra durability. Its generative traction pattern combined with rubber lugs gives you grip when going uphill or downhill.\r\n\r\n\r\nMore benefits\r\n\r\nA water-repellent liner in the toe helps keep you dry when the weather turns.\r\nFoam collar is soft and supportive to the touch.\r\nIncreased rubber on the outsole gives traction and durability.\r\n\r\nProduct details\r\n\r\nNot intended for use as personal protective equipment (PPE)\r\nColour Shown: Pale Ivory/Summit White/Platinum Tint/Anthracite\r\nStyle: FB2197-100\r\nCountry/Region of Origin: Vietnam', '5279000', 5, 'image.jpg', '3ef050cf-31e7-48d4-b7f3-c2e60116f035', '90d68216-2cd9-4e00-b592-95bcdc69f7de', 'Men', '2023-12-23 23:42:36', '2023-12-23 23:42:36'),
('cc770d0f-66f9-45f5-b79e-6f3c2dd46328', 'Nike Quest 5', 'A LIGHTWEIGHT, NEUTRAL RIDE.\r\n\r\n\r\nYou lace up in pursuit of new personal goals. Let the Nike Quest 5 help you reach those aspirations. This neutral sneaker gives you a smooth, comfortable ride with plenty of traction. We focused on our foam, adding more cushioning for a better transition from heel to toe.\r\n\r\n\r\nCool, Light, Fast\r\n\r\nWe used runner-informed data to create engineered mesh for a lightweight and breathable feel. The mesh was placed in key zones based on runner feedback, providing you with cooling where it counts.\r\n\r\n\r\nLace Up, Support Up\r\n\r\nFeel the stability with the midfoot fitband. It works with your laces, keeping your foot more secure the tighter your laces are. A translucent material shows off the components at the midfoot.\r\n\r\n\r\nRun Hard with a Soft Feel\r\n\r\nSuper-soft foam through the midsole helps cushion your foot with every step. The increased height means a softer sensation as you run.\r\n\r\n\r\nTraction for the Long Haul\r\n\r\nThe rubber outsole has the traction to keep your feet gripped to the pavement.\r\n\r\n\r\nMore Benefits\r\n\r\nSuper-soft padding and cushioning on the collar help keep your ankle comfortable.\r\nSkins at the toes and eyelets offer durability.\r\nColour Shown: White/Pure Platinum/Metallic Silver\r\nStyle: DD9291-100\r\nCountry/Region of Origin: Vietnam', '1860000', 3, 'image.jpg', '3ef050cf-31e7-48d4-b7f3-c2e60116f035', '90d68216-2cd9-4e00-b592-95bcdc69f7de', 'Women', '2023-12-23 23:39:46', '2023-12-23 23:39:46'),
('d36f582b-f30a-4c52-a4bf-14e441fe4689', 'Nike Air Force 1 \'07 NN', 'This hoops original gives \"fresh air\" a whole new meaning. Breezy canvas, a bouquet of spring colours and embroidered details bring summertime vibes to what you already know and love: Air cushioning, classic construction and style for days.\r\n\r\n\r\nBenefits\r\n\r\nFrom the tough stitching to the sturdy cupsole, durability is the name of the game.\r\nOriginally designed for performance hoops, Air cushioning delivers lasting comfort, while a padded ankle and tongue add softness to the ride.\r\nRubber outsole with heritage hoops pivot circles adds traction where you need it.\r\nLow-cut, padded collar looks sleek and feels great.\r\nColour Shown: Platinum Violet/Coconut Milk/Volt/Sail\r\nStyle: DV3808-001\r\nCountry/Region of Origin: Indonesia\r\n\r\nAir Force 1\r\n\r\nDebuting in 1982 as a basketball must-have, the Air Force 1 came into its own in the \'90s. The clean look of the classic white-on-white AF-1 was endorsed from the basketball courts to the street and beyond. Finding its rhythm in hip-hop culture, releasing limited collabs and colourways, Air Force 1 became an iconic sneaker around the globe. And with over 2,000 iterations of this staple, its impact on fashion, music and sneaker culture can\'t be denied.', '3239000', 6, 'image.jpg', '3ef050cf-31e7-48d4-b7f3-c2e60116f035', '43bb4b5f-4978-4330-9f27-ebae79a907a0', 'Women', '2023-12-23 23:34:29', '2023-12-23 23:34:29'),
('d74a3274-c1e7-440f-9c23-de6f1a9654ea', 'Nike Victory Pro 3', 'Made for your triumphant marches down the fairway after striping that drive and surprisingly fresh legs when it\'s time to take off the hats, these shoes have an updated design that maintains those true old-school stylings with even more pop, comfort and traction. It\'s perfect for a post-work bucket of balls or the foot-wedger hoping to blend in with the group while getting a little closer to the hole.\r\n\r\n\r\nBenefits\r\n\r\nThe removable spikes twist and lock into the outsole for enhanced grip and ground feel on various surfaces.\r\nThe hybrid outsole provides durable traction for inclement weather.\r\nSynthetic leather feels soft to the touch and adds a sophisticated look.\r\nThe lightweight tongue provides comfort on the top of your foot.\r\n\r\nProduct details\r\n\r\nOne-year waterproof warranty\r\nTraditional lace-up closure\r\nFoam midsole\r\nColour Shown: Black/Smoke Grey/White\r\nStyle: DX9028-010\r\nCountry/Region of Origin: Vietnam', '3519000', 2, 'image.jpg', '3ef050cf-31e7-48d4-b7f3-c2e60116f035', 'f481b673-2193-4b97-a1ff-d74a6821ad07', 'Men', '2023-12-23 23:13:09', '2023-12-23 23:13:09'),
('db2d5290-13c3-4b47-b608-fb71d2a9741a', 'Air Jordan 1 Low G NRG', 'One of the reasons why MJ loves golf so much: it\'s like looking into a mirror. The only opponent he sees is staring right back at him. No teammates to play off. No defender to go at. Just him, his swing and the course. This special AJ1 Low, with its metallic finishes, chrome aglets and glossy Air Jordan details, takes inspiration from the internal drive that inspires both MJ and us to keep getting better every day.\r\n\r\n\r\nOriginal AJ1 design\r\n\r\nFrom encapsulated Air cushioning to the embossed Wings logo on the strap, everything you love about the AJ1 returns.\r\n\r\n\r\nClassic, Clean Profile\r\n\r\nThe classic cupsole construction provides durability, traction and support while maintaining the shoe\'s iconic profile, with high sidewalls and overt stitching.\r\n\r\n\r\nMore benefits\r\n\r\nLeather provides durability and adds a premium look.\r\nColour Shown: Metallic Silver/Photon Dust/White/Metallic Silver\r\nStyle: FD6848-001\r\nCountry/Region of Origin: China', '4699000', 8, 'image.jpg', '32e3c6fc-88a9-4f6d-b1e8-efe4f403bb07', 'f481b673-2193-4b97-a1ff-d74a6821ad07', 'Men', '2023-12-23 23:11:29', '2023-12-23 23:11:29'),
('dfe6d78b-b5dc-4d93-8b5a-cd581ee44935', 'Chuck 70', 'Converse CHUCK 70 HI Men\'s Sneakers Shoes - Sunflower Find the perfect style for you', '2000000', 7, 'image.jpg', '0149a509-9bb8-4524-8b0f-84c48d27ed7f', '43bb4b5f-4978-4330-9f27-ebae79a907a0', 'Men', '2023-12-24 00:42:42', '2023-12-24 00:42:42'),
('e056797c-4b7c-4d15-9392-403b93417397', 'Nike Air Max 1 \'86 OG G', 'A streetwear legend hits the links in the Air Max 1 G. Featuring the 4-window design that lets you peak at the large Air unit underneath, this is on-course cool, confidence and comfort personified. It sports the vintage Air Max 1 details you love, like clean lines and unmistakable colours, and melds them with our game-changing golf technology, so you can play all day, all year round in a timeless fit.\r\n\r\n\r\nVisible Max Air\r\n\r\nThe 4-window design allows you a grand view of the optimal cushioning with every step. The design details are inspired by the ageless look of the Air Max 1 that was released in 1986, included the debossed \"Nike Air\" logo on the heel.\r\n\r\n\r\nStay Dry\r\n\r\nThe synthetic upper provides water resistance in all-weather conditions.\r\n\r\n\r\nTraction for the Course\r\n\r\nUpdated traction pattern gives you grip on the course in various conditions.\r\n\r\n\r\nProduct Details\r\n\r\nOne-year waterproof warranty\r\nIncreased durability for long-lasting wear\r\nSpikeless\r\nFull-length foam midsole\r\nColour Shown: Sea Glass/Mica Green/Lime Blast/Sequoia\r\nStyle: DV1403-002\r\nCountry/Region of Origin: Vietnam', '3747000', 3, 'image.jpg', '3ef050cf-31e7-48d4-b7f3-c2e60116f035', 'f481b673-2193-4b97-a1ff-d74a6821ad07', 'Men', '2023-12-23 23:07:42', '2023-12-23 23:07:42'),
('e2942323-4f59-49af-976e-c18a9da12df3', 'Cosmic Unity 3', 'Better for your game, designed with sustainability in mind—two things you care about—the Cosmic Unity 3 has a secure, lightweight design for a low-to-the-ground feel. It gives you cloud-like cushioning for explosive speed and quick changes of direction, the difference-makers in a game that\'s becoming more extraterrestrial.\r\n\r\n\r\nContained Cushioning\r\n\r\nWe inserted foam into the midsole for a balance of cloud-like cushioning and stability to play at all speeds, all while getting lower to the ground to help increase quickness.\r\n\r\n\r\nSecure and Confident Fit\r\n\r\nThe midfoot Flymesh hugs the midfoot to help keep you contained. A newly implemented Flyknit collar offers plush support to help build confidence, all while helping reduce the weight of the shoe to increase lightweight agility. The Flyknit gives you a flexible, comfortable material that moves and contorts to your foot to complement the Flymesh.\r\n\r\n\r\nStick and Move\r\n\r\nA thin, durable outsole uses rubber to help provide the on-court traction you need to help you move off the ball and find the room needed to shake off the defence.', '4409000', 7, 'image.jpg', '3ef050cf-31e7-48d4-b7f3-c2e60116f035', 'e0c300ca-9c34-4172-bb96-a2ef9c96692f', 'Women', '2023-12-23 23:44:15', '2023-12-23 23:44:15'),
('e8259de1-ed8f-47aa-b94e-e223ebeda146', 'Run Star Motion Foundational', 'Forget what you knew about form. The Run Star Motion takes classic Converse DNA and pairs it with an ultra-modern, innovative midsole to completely redefine platform style. The fluid lines you saw on court in the early 2000s come through the platform midsole, blending sport with high fashion. This expressive, lugged base is fused with an organic cotton canvas upper that borrows the same stitching, laces, and vintage inner tongue logo as the iconic Chuck 70. All supported by a CX sockliner and CX foam midsole for lightweight, maximum comfort.\r\n\r\nFeatures And Benefits\r\nLow-top, platform shoe with expressive lugged outsole and premium Chuck 70 detailing\r\n100% organic cotton canvas upper\r\nHeel pods with ultra-expressive lugs define the style\r\nClassic Chuck 70 upper, including stitching, laces, eyelets, and vintage inner tongue logo\r\nCX foam midsole with sculpted, debossed pinstripe; CX sockliner for comfort\r\n\r\nSize Disclaimer: There may be a 1-2cm difference in measurements depending on the development and manufacturing process.\r\n\r\nColor Disclaimer: Actual colors may vary. This is due to the fact that every computer monitor has a different capability to display colors, we cannot guarantee that the color you see accurately portrays the true color of the product.', '2600000', 2, 'image.jpg', '0149a509-9bb8-4524-8b0f-84c48d27ed7f', '90d68216-2cd9-4e00-b592-95bcdc69f7de', 'Women', '2023-12-24 00:47:04', '2023-12-24 00:47:04'),
('eb23c9df-b848-4f01-ab5a-555a3dd83ece', 'Air Jordan Legacy 312 Low', 'Celebrate MJ\'s legacy with this shout-out to Chicago\'s 312 area code. With elements from three iconic Jordans (the AJ3, AJ1 and Air Alpha Force), it\'s a modern mash-up that reps the best.\r\n\r\n\r\nBenefits\r\n\r\nDesign combines iconic elements of the AJ3, AJ1 and Alpha Force.\r\nThe midfoot strap adds bold branding and secures your fit.\r\nVisible Air-Sole unit at the heel enhances cushioning.\r\nColour Shown: White/Black/Sail/Wolf Grey\r\nStyle: CD7069-110\r\nCountry/Region of Origin: Indonesia', '4259000', 11, 'image.jpg', '3ef050cf-31e7-48d4-b7f3-c2e60116f035', 'e0c300ca-9c34-4172-bb96-a2ef9c96692f', 'Men', '2023-12-23 22:29:39', '2023-12-23 22:29:39');
INSERT INTO `products` (`product_id`, `product_name`, `desciption`, `default_price`, `default_stock_quantity`, `image`, `brand_id`, `category_id`, `gender`, `created_at`, `updated_at`) VALUES
('ecaee277-9218-43cc-9314-dc9a6a19b404', 'Nike Interact Run X', 'Can you see the future? Fast-forward your footsteps in the cutting-edge Nike Interact Run. It\'s set up with all the running goodness you need: a lightweight Flyknit upper, soft foam midsole and comfort where it counts. Scan the QR code on the tongue with your phone, and check out our online introduction to the Nike Interact Run\'s ins and outs.\r\n\r\n\r\nTo the future\r\n\r\nA scannable QR code on the tongue acts as your tour guide to the Interact Run\'s performance benefits. It offers tips on how to extend the life cycle of your shoe from upkeep options to repairs and long-term care. Finally, when you\'ve logged all the miles you can, the QR code will suggest ways to recycle and donate the shoes once they\'ve run their course.\r\n\r\n\r\nMade from Nike Grind\r\n\r\nThe Waffle outsole is made from at least 13% Nike Grind material, crafted from scraps from the footwear-manufacturing process.\r\n\r\n\r\nSoft ride\r\n\r\nThe soft, responsive foam in the midsole gives you a comfortable, smooth ride for your run and wherever else your day takes you. The high foam heights provide a soft feel.\r\n\r\n\r\nFly away\r\n\r\nThe Flyknit upper has zones of breathability where your foot heats up most, specifically in the toe box. It\'s strong and durable, helping keep your foot secure with every mile. The airy and breezy upper hugs your foot in a free and easy way.\r\n\r\n\r\nMore benefits\r\n\r\nWe created the rubber outsole using runner-informed data for traction where you need it.\r\nThe overlays on the toe offer durability.\r\nColour Shown: Platinum Violet/Smokey Mauve\r\nStyle: FD2292-007\r\nCountry/Region of Origin: Vietnam', '2349000', 6, 'image.jpg', '3ef050cf-31e7-48d4-b7f3-c2e60116f035', '90d68216-2cd9-4e00-b592-95bcdc69f7de', 'Women', '2023-12-23 23:37:52', '2023-12-23 23:37:52'),
('f23a363c-67d6-41ae-8839-f2c573088759', 'Nike MC Trainer 2', 'The Nike MC Trainer 2 can help you shift from circuit training in the weight room to the Astroturf for quick-twitch conditioning, seamlessly. It\'s a multi-purpose power that combines versatility, stability and longevity so that you can stay locked in on the physical task at hand. From back squats to sprint repeats, it can help support the rigours of your diverse training programme without having to make a pit stop to grab more gear for your workout.\r\n\r\n\r\nStable Strength\r\n\r\nThe flat base is wider around the heel to help stabilise your foot while you work with weights. Overlays around the toe and laces add durability to stand up to the rigours of the gym.\r\n\r\n\r\nMove It from Side to Side\r\n\r\nSupport wraps from the heel up to the sides for a snug fit when you tighten the laces. Soft foam provides supportive cushioning and rises at the sides to help brace your foot during lateral moves.\r\n\r\n\r\nThick and Thin Traction\r\n\r\nRubber tread gives you traction from the turf to the training room floor. It\'s thicker under the heel for stability while you lift, and thinner in the front for flexibility during short runs or speed drills.\r\n\r\n\r\nProduct details\r\n\r\nMesh up top lets your foot breathe\r\nDirectional rubber traction on the side gives you grip on the ropes\r\nColour Shown: Light Silver/Iron Grey/Bright Mandarin\r\nStyle: DM0823-010\r\nCountry/Region of Origin: Vietnam', '1758000', 5, 'image.jpg', '3ef050cf-31e7-48d4-b7f3-c2e60116f035', '6707e838-ee4f-4baf-8e09-1aba1af255ae', 'Men', '2023-12-23 22:57:10', '2023-12-23 22:57:10'),
('f33b8f5b-c1ef-4bef-97dd-c054777d6071', 'NikeCourt Lite 4', 'Whether you\'re digging, dinking or trying to barrel a ball down the line after scrambling out of a split set, the NikeCourt Lite 4 can help you hold serve. It\'s durable yet mobile when in the middle of a long rally, ideal for getting to seemingly untouchable shots both near and far.\r\n\r\n\r\nDurable Traction\r\n\r\nExtra rubber in the toe area, specifically the big-toe side, adds durability where it\'s needed. Full-coverage high-abrasion rubber along the outsole offers durability and traction.\r\n\r\n\r\nSecure Support\r\n\r\nSynthetic overlays give lateral support and help keep your heel secure.\r\n\r\n\r\nBreathable upper\r\n\r\nMesh in the upper offers breathability and comfort.\r\n\r\n\r\nSoft and easy\r\n\r\nA soft collar and padded heel give you comfort around your ankle.', '2189000', 8, 'image.jpg', '3ef050cf-31e7-48d4-b7f3-c2e60116f035', '3242b7c7-b91c-483f-ae41-49324e83b66e', 'Men', '2023-12-23 23:21:22', '2023-12-23 23:21:22');

-- --------------------------------------------------------

--
-- Table structure for table `product_attributes`
--

CREATE TABLE `product_attributes` (
  `attribute_id` char(36) COLLATE utf8mb4_unicode_ci NOT NULL,
  `product_id` char(36) COLLATE utf8mb4_unicode_ci NOT NULL,
  `type_id` char(36) COLLATE utf8mb4_unicode_ci NOT NULL,
  `attribute_value` varchar(255) COLLATE utf8mb4_unicode_ci NOT NULL,
  `created_at` timestamp NULL DEFAULT NULL,
  `updated_at` timestamp NULL DEFAULT NULL
) ENGINE=InnoDB DEFAULT CHARSET=utf8mb4 COLLATE=utf8mb4_unicode_ci;

--
-- Dumping data for table `product_attributes`
--

INSERT INTO `product_attributes` (`attribute_id`, `product_id`, `type_id`, `attribute_value`, `created_at`, `updated_at`) VALUES
('005f4d2c-d6f5-46ab-a661-f5568ce03acd', '58b0519a-85bd-475b-982b-684e5454b29a', '256072ea-96cc-11ee-8883-005056c00001', 'EU 40', '2023-12-23 22:21:49', '2023-12-23 22:21:49'),
('036f3f0f-0e23-4a86-ac6c-8b057e1c3972', '3b4f8dae-a89e-4055-a982-ec472f41cdba', '256072ea-96cc-11ee-8883-005056c00001', 'EU 36', '2023-12-23 23:36:15', '2023-12-23 23:36:15'),
('03d2e983-2da0-44eb-99e0-2191853649fa', '5fcf6ac3-b8d5-4e44-9929-d49274b8963f', '256072ea-96cc-11ee-8883-005056c00001', 'EU 36', '2023-12-24 00:22:00', '2023-12-24 00:22:00'),
('05afb0b3-cf1e-4f32-9825-a94e7174c3e3', '3b4f8dae-a89e-4055-a982-ec472f41cdba', '256072ea-96cc-11ee-8883-005056c00001', 'EU 38', '2023-12-23 23:36:25', '2023-12-23 23:36:25'),
('07b3e895-53c8-4f7d-ad68-8274fda7da60', '93bd8b13-b062-4b67-bfd4-746bf6132305', '256072ea-96cc-11ee-8883-005056c00001', 'EU 41', '2023-12-23 22:48:07', '2023-12-23 22:48:07'),
('09674483-4e5b-4438-bfa5-38e342d73adf', '7696d166-4e75-4fa3-ab6c-f98e193b2f62', '256072ea-96cc-11ee-8883-005056c00001', 'EU 41.5', '2023-12-23 23:24:29', '2023-12-23 23:24:29'),
('09a8fe82-8fd0-4d4e-a224-c216558b1901', 'c18c5ec0-a343-4ca9-99d5-25ef0c4af291', '256072ea-96cc-11ee-8883-005056c00001', 'EU 40', '2023-12-23 22:13:04', '2023-12-23 22:13:04'),
('0a362b4e-0359-431d-a95e-421250c4b3b6', 'b6925044-b883-49b1-96f8-4f16001a681e', '256072ea-96cc-11ee-8883-005056c00001', 'EU 36.5', '2023-12-23 23:55:21', '2023-12-23 23:55:21'),
('0a5b64d0-26e7-4fff-a933-69a61174b834', '22709097-e2b6-4a1a-ac72-addbacf61d08', '256072ea-96cc-11ee-8883-005056c00001', 'EU 40', '2023-12-23 23:59:25', '2023-12-23 23:59:25'),
('0c59823e-e74e-4575-b6ea-b91ca330b288', 'b60b6594-f7c4-48e2-b6d9-46da1c8cead2', '256072ea-96cc-11ee-8883-005056c00001', 'EU 40', '2023-12-23 22:19:28', '2023-12-23 22:19:28'),
('0cff1224-1022-4a52-9514-49a6f6fb0b59', 'ecaee277-9218-43cc-9314-dc9a6a19b404', '256072ea-96cc-11ee-8883-005056c00001', 'EU 38.5', '2023-12-23 23:38:29', '2023-12-23 23:38:29'),
('0d34cd1e-bf0c-44e3-99b4-4b28621c8bb8', 'c18c5ec0-a343-4ca9-99d5-25ef0c4af291', '256072ea-96cc-11ee-8883-005056c00001', 'EU 39', '2023-12-23 22:13:00', '2023-12-23 22:13:00'),
('0dfdb685-7c6f-42ac-91eb-e3547432db11', 'c18c5ec0-a343-4ca9-99d5-25ef0c4af291', '256072ea-96cc-11ee-8883-005056c00001', 'EU 38.5', '2023-12-23 22:12:56', '2023-12-23 22:12:56'),
('0eb7f45f-2ce6-4c0c-b0bc-76cf6b7c7423', 'a6f8665a-e536-4b40-997f-c55e67316939', '256072ea-96cc-11ee-8883-005056c00001', 'EU 40', '2023-12-23 22:54:15', '2023-12-23 22:54:15'),
('0f6d0257-4131-4172-a914-c73fd3028747', '127c698a-5d4a-43e1-be16-5ed62992b585', '256072ea-96cc-11ee-8883-005056c00001', 'EU 38', '2023-12-23 23:04:01', '2023-12-23 23:04:01'),
('107b351c-70e4-4bf8-ba00-2a0813387e26', 'f23a363c-67d6-41ae-8839-f2c573088759', '256072ea-96cc-11ee-8883-005056c00001', 'EU 35.5', '2023-12-23 22:58:14', '2023-12-23 22:58:14'),
('118e38bb-5c52-437b-ad23-328c389ca001', '4eaf5df1-a5a7-4870-b70a-04f0e8584a16', '256072ea-96cc-11ee-8883-005056c00001', 'EU 43', '2023-12-23 22:25:31', '2023-12-23 22:25:31'),
('11c83e48-e03d-4c2f-b623-b986a516ba86', '5011278e-c2ee-4ae4-af34-91570a294084', '256072ea-96cc-11ee-8883-005056c00001', 'EU 40', '2023-12-23 22:52:28', '2023-12-23 22:52:28'),
('12951a19-5c61-4024-9682-72dab73aa16f', 'f23a363c-67d6-41ae-8839-f2c573088759', '256072ea-96cc-11ee-8883-005056c00001', 'EU 41', '2023-12-23 22:58:50', '2023-12-23 22:58:50'),
('12cc779f-094a-4064-b2ff-8e3864aa00fe', '236b3032-3a8f-4885-912f-24915c5b851c', '256072ea-96cc-11ee-8883-005056c00001', 'EU 38', '2023-12-23 22:39:27', '2023-12-23 22:39:27'),
('1313dea4-d7fa-418c-9851-a5690a65d9f8', '960a800c-673b-4de9-8e73-1c9999a4306f', '256072ea-96cc-11ee-8883-005056c00001', 'EU 40', '2023-12-23 22:44:35', '2023-12-23 22:44:35'),
('13b6c3aa-60a3-4bfc-82c0-ef7b1b4862ff', '7cbdf4c9-791a-4110-9c82-f1acf8ad2e19', '256072ea-96cc-11ee-8883-005056c00001', 'EU 41', '2023-12-23 22:50:25', '2023-12-23 22:50:25'),
('1409a0d3-2c5a-4e15-b08c-d7a7eb130d2a', 'f23a363c-67d6-41ae-8839-f2c573088759', '256072ea-96cc-11ee-8883-005056c00001', 'EU 39', '2023-12-23 22:58:38', '2023-12-23 22:58:38'),
('14fc12e9-e49d-42bb-a1d1-7cc074e89b77', 'f23a363c-67d6-41ae-8839-f2c573088759', '256072ea-96cc-11ee-8883-005056c00001', 'EU 40', '2023-12-23 22:58:43', '2023-12-23 22:58:43'),
('150412ab-90b9-4835-8b02-2dcffd31cbd2', '11fdd926-a92c-4606-ba28-cafb80f69a04', '256072ea-96cc-11ee-8883-005056c00001', 'EU 36', '2023-12-24 00:08:14', '2023-12-24 00:08:14'),
('15c62818-97c3-43a0-b229-b01484b8acb7', '51c427f7-22e9-4579-a338-39e220f300ac', '256072ea-96cc-11ee-8883-005056c00001', 'EU 36.5', '2023-12-24 00:10:10', '2023-12-24 00:10:10'),
('15d6eb67-ff2f-46b5-8952-76a4701a1e02', '75741427-85fb-47cc-b29d-516e33963bdc', '256072ea-96cc-11ee-8883-005056c00001', 'EU 43', '2023-12-23 23:15:57', '2023-12-23 23:15:57'),
('1685fad3-1b59-4ce9-a2b1-ae29beba0734', '7696d166-4e75-4fa3-ab6c-f98e193b2f62', '256072ea-96cc-11ee-8883-005056c00001', 'EU 38.5', '2023-12-23 23:24:08', '2023-12-23 23:24:08'),
('17762e4c-7ea2-4630-bf9b-34c8e3dc9282', 'e056797c-4b7c-4d15-9392-403b93417397', '256072ea-96cc-11ee-8883-005056c00001', 'EU 35.5', '2023-12-23 23:07:58', '2023-12-23 23:07:58'),
('186ef159-c28c-4b0f-8a08-ac5c1fd2c77b', 'b560dbfa-fe0d-4caa-adbe-5d61253a01d4', '256072ea-96cc-11ee-8883-005056c00001', 'EU 38', '2023-12-24 00:44:07', '2023-12-24 00:44:07'),
('1968fcd1-1d6a-400d-b35e-852601f3c44e', 'a6f8665a-e536-4b40-997f-c55e67316939', '256072ea-96cc-11ee-8883-005056c00001', 'EU 38', '2023-12-23 22:54:08', '2023-12-23 22:54:08'),
('1b6e2bc9-ed2d-4f08-89cc-2ab7ec1bdced', 'b8706de8-8175-4a76-9a02-798ea3869930', '256072ea-96cc-11ee-8883-005056c00001', 'EU 36', '2023-12-23 22:59:30', '2023-12-23 22:59:30'),
('1bf4857d-25c9-45fd-8ff4-fea539b02202', 'b560dbfa-fe0d-4caa-adbe-5d61253a01d4', '256072ea-96cc-11ee-8883-005056c00001', 'EU 40', '2023-12-24 00:44:25', '2023-12-24 00:44:25'),
('1c238060-e13d-4e9e-b635-de38353e41b0', '960a800c-673b-4de9-8e73-1c9999a4306f', '256072ea-96cc-11ee-8883-005056c00001', 'EU 43', '2023-12-23 22:44:55', '2023-12-23 22:44:55'),
('1f6ddd63-69bd-4aac-90af-4b18764b1a6f', '977ba539-8386-4197-82fd-623a6cd7b5bb', '256072ea-96cc-11ee-8883-005056c00001', 'EU 39.5', '2023-12-23 22:15:26', '2023-12-23 22:15:26'),
('207b2b02-36f1-4fbd-b663-d066dc946e89', '5011278e-c2ee-4ae4-af34-91570a294084', '256072ea-96cc-11ee-8883-005056c00001', 'EU 38', '2023-12-23 22:52:09', '2023-12-23 22:52:09'),
('20b95400-a13f-4b45-bbd6-d4ecd6c2f5ac', 'a0bbeaa0-eeec-4fca-9e51-67c301c69721', '256072ea-96cc-11ee-8883-005056c00001', 'EU 39', '2023-12-23 22:28:17', '2023-12-23 22:28:17'),
('22ac51bc-251a-45b8-bf8f-5d9ac299e6f0', '3489f4fc-0ea8-437f-a7ff-d2005e4f0286', '256072ea-96cc-11ee-8883-005056c00001', 'EU 37', '2023-12-24 00:46:05', '2023-12-24 00:46:05'),
('22c856cc-2f82-4ff6-ac9b-43345bf7135c', 'b60b6594-f7c4-48e2-b6d9-46da1c8cead2', '256072ea-96cc-11ee-8883-005056c00001', 'EU 42', '2023-12-23 22:19:42', '2023-12-23 22:19:42'),
('26c62206-29b6-42d7-a5fc-dda957e50e4c', 'b8706de8-8175-4a76-9a02-798ea3869930', '256072ea-96cc-11ee-8883-005056c00001', 'EU 39', '2023-12-23 22:59:53', '2023-12-23 22:59:53'),
('26e7e2f5-ba98-4554-9927-f74ebad12295', '127c698a-5d4a-43e1-be16-5ed62992b585', '256072ea-96cc-11ee-8883-005056c00001', 'EU 38.5', '2023-12-23 23:04:04', '2023-12-23 23:04:04'),
('295ebba5-c2f4-4f69-b910-05af896cf833', '98f0590f-3fbe-47e6-8e31-b00445e38925', '256072ea-96cc-11ee-8883-005056c00001', 'EU 33', '2023-12-24 01:03:38', '2023-12-24 01:03:38'),
('298ab85b-d38d-4d26-b457-38fb76a74027', 'c4fe21ca-e75e-478c-8d75-716159cffff9', '256072ea-96cc-11ee-8883-005056c00001', 'EU 32', '2023-12-24 00:25:34', '2023-12-24 00:25:34'),
('2a06b4bd-d79e-4ed7-8d73-270a093eb2ab', 'e2942323-4f59-49af-976e-c18a9da12df3', '256072ea-96cc-11ee-8883-005056c00001', 'EU 36', '2023-12-23 23:44:26', '2023-12-23 23:44:26'),
('2a510844-ea1a-42d5-9d90-0ea4f668ff6a', '4e00c890-9d7c-4de1-964f-12a3d687f481', '256072ea-96cc-11ee-8883-005056c00001', 'EU 37', '2023-12-23 22:55:45', '2023-12-23 22:55:45'),
('2b7842fa-e85a-4bc1-a9ce-3215d93a3aac', '127c698a-5d4a-43e1-be16-5ed62992b585', '256072ea-96cc-11ee-8883-005056c00001', 'EU 39', '2023-12-23 23:04:08', '2023-12-23 23:04:08'),
('2b981da3-243d-46e9-8193-a1139d83c871', 'b60b6594-f7c4-48e2-b6d9-46da1c8cead2', '256072ea-96cc-11ee-8883-005056c00001', 'EU 39.5', '2023-12-23 22:19:23', '2023-12-23 22:19:23'),
('2bbd2f85-91fc-49bb-ba95-2a043e787e3b', 'f33b8f5b-c1ef-4bef-97dd-c054777d6071', '256072ea-96cc-11ee-8883-005056c00001', 'EU 40', '2023-12-23 23:21:49', '2023-12-23 23:21:49'),
('2ceaeb34-4717-45d4-be59-ccf01d0c068e', '7696d166-4e75-4fa3-ab6c-f98e193b2f62', '256072ea-96cc-11ee-8883-005056c00001', 'EU 42.5', '2023-12-23 23:24:35', '2023-12-23 23:24:35'),
('2e4e2ee5-98dd-4aba-a23c-f7516ad8c5d6', 'b60b6594-f7c4-48e2-b6d9-46da1c8cead2', '256072ea-96cc-11ee-8883-005056c00001', 'EU 41', '2023-12-23 22:19:37', '2023-12-23 22:19:37'),
('2f1d768e-94e2-42d4-b7eb-8c4fdf4369eb', '93bd8b13-b062-4b67-bfd4-746bf6132305', '256072ea-96cc-11ee-8883-005056c00001', 'EU 40', '2023-12-23 22:47:59', '2023-12-23 22:47:59'),
('2fd28cd9-a8ff-4c67-b0f9-5f8945ab3956', '5011278e-c2ee-4ae4-af34-91570a294084', '256072ea-96cc-11ee-8883-005056c00001', 'EU 39.5', '2023-12-23 22:52:23', '2023-12-23 22:52:23'),
('315aecce-5e92-4e2d-b811-cb1c9442489d', '604397bc-c55c-456a-8b51-6bc872dde68e', '256072ea-96cc-11ee-8883-005056c00001', 'EU 37', '2023-12-23 23:50:06', '2023-12-23 23:50:06'),
('32c62369-a40e-4d3b-9d06-5bef17dbc918', '236b3032-3a8f-4885-912f-24915c5b851c', '256072ea-96cc-11ee-8883-005056c00001', 'EU 42', '2023-12-23 22:39:39', '2023-12-23 22:39:39'),
('32f36b02-7d2f-4afd-ac95-a48487506648', '4eaf5df1-a5a7-4870-b70a-04f0e8584a16', '256072ea-96cc-11ee-8883-005056c00001', 'EU 39.5', '2023-12-23 22:25:14', '2023-12-23 22:25:14'),
('33921a63-d0ee-4c3c-9ed6-e5cc9e4001f4', '4605621a-59de-4094-8750-03201c2a3923', '256072ea-96cc-11ee-8883-005056c00001', 'EU 37.5', '2023-12-23 23:18:49', '2023-12-23 23:18:49'),
('35c67bfc-f780-42a1-b5c5-259f92668f2e', '4eaf5df1-a5a7-4870-b70a-04f0e8584a16', '256072ea-96cc-11ee-8883-005056c00001', 'EU 42', '2023-12-23 22:25:28', '2023-12-23 22:25:28'),
('36927b95-4aa1-48ea-87b7-5a4da1add652', 'c18c5ec0-a343-4ca9-99d5-25ef0c4af291', '256072ea-96cc-11ee-8883-005056c00001', 'EU 42', '2023-12-23 22:13:18', '2023-12-23 22:13:18'),
('36c43138-d6d1-40d6-95a5-80d1a22eeab6', 'ecaee277-9218-43cc-9314-dc9a6a19b404', '256072ea-96cc-11ee-8883-005056c00001', 'EU 37', '2023-12-23 23:38:15', '2023-12-23 23:38:15'),
('374a1113-aedb-41e4-8cce-b537f4d099ff', '4e00c890-9d7c-4de1-964f-12a3d687f481', '256072ea-96cc-11ee-8883-005056c00001', 'EU 38.5', '2023-12-23 22:55:54', '2023-12-23 22:55:54'),
('384d4099-53f7-4a44-a50d-6d70b5a0eb14', '1cd740c2-466a-4656-b1f4-49296daabcb9', '256072ea-96cc-11ee-8883-005056c00001', 'EU 38', '2023-12-23 23:41:29', '2023-12-23 23:41:29'),
('39064a8d-0b7f-4421-96e1-4f4425f2c04b', '1e873b09-d43e-40ad-85d3-d52e32e62456', '256072ea-96cc-11ee-8883-005056c00001', 'EU 35.5', '2023-12-24 00:14:05', '2023-12-24 00:14:05'),
('3a042940-0c71-4574-89dd-7ed6ccd3c789', 'c18c5ec0-a343-4ca9-99d5-25ef0c4af291', '256072ea-96cc-11ee-8883-005056c00001', 'EU 43', '2023-12-23 22:13:21', '2023-12-23 22:13:21'),
('3a5d878a-001b-432d-a42d-d214d81ea8b0', 'e056797c-4b7c-4d15-9392-403b93417397', '256072ea-96cc-11ee-8883-005056c00001', 'EU 38', '2023-12-23 23:08:13', '2023-12-23 23:08:13'),
('3af23b78-ff18-44ae-9acc-ede5a1194d3b', '75741427-85fb-47cc-b29d-516e33963bdc', '256072ea-96cc-11ee-8883-005056c00001', 'EU 40', '2023-12-23 23:15:43', '2023-12-23 23:15:43'),
('3b8307b0-d09c-40c2-9e87-93733b4bed04', '8180ff8e-d010-4abd-8078-caabe22455a3', '256072ea-96cc-11ee-8883-005056c00001', 'EU 38', '2023-12-23 23:52:26', '2023-12-23 23:52:26'),
('3ca2b32a-0746-42cb-aeb5-9c988a69e63f', '977ba539-8386-4197-82fd-623a6cd7b5bb', '256072ea-96cc-11ee-8883-005056c00001', 'EU 42', '2023-12-23 22:15:46', '2023-12-23 22:15:46'),
('3d131f00-f218-421b-8cbd-8031a993325b', '79333c5b-5b2f-4b5c-9555-dd75cb6471a5', '256072ea-96cc-11ee-8883-005056c00001', 'EU 40', '2023-12-23 23:10:28', '2023-12-23 23:10:28'),
('3d8258e2-9d72-43a9-9d36-da1ff0dcbc5b', '68a95282-0148-4808-ad88-6e401c6b1695', '256072ea-96cc-11ee-8883-005056c00001', 'EU 42.5', '2023-12-23 22:23:41', '2023-12-23 22:23:41'),
('3ed7540e-e616-4157-958b-3dda909582d2', '7696d166-4e75-4fa3-ab6c-f98e193b2f62', '256072ea-96cc-11ee-8883-005056c00001', 'EU 36', '2023-12-23 23:24:01', '2023-12-23 23:24:01'),
('3f038645-366b-4420-9d6b-c82915fad5ea', '604397bc-c55c-456a-8b51-6bc872dde68e', '256072ea-96cc-11ee-8883-005056c00001', 'EU 39', '2023-12-23 23:50:10', '2023-12-23 23:50:10'),
('3f370d86-641c-4684-9fea-9ccd8374a8ca', '005c13f1-5d88-48a2-b5df-7c632139cf5d', '256072ea-96cc-11ee-8883-005056c00001', 'EU 33', '2023-12-24 00:24:08', '2023-12-24 00:24:08'),
('3f70585a-34ad-460d-8478-41dac16638a3', 'b6925044-b883-49b1-96f8-4f16001a681e', '256072ea-96cc-11ee-8883-005056c00001', 'EU 39', '2023-12-23 23:55:37', '2023-12-23 23:55:37'),
('406c5050-64cc-43ee-b5b0-4327c00ecc11', 'db2d5290-13c3-4b47-b608-fb71d2a9741a', '256072ea-96cc-11ee-8883-005056c00001', 'EU 40', '2023-12-23 23:11:55', '2023-12-23 23:11:55'),
('41fc2811-a0bf-4f84-aaf3-83016f613fb3', '0a91236a-fb6e-4408-acd5-f2132450755f', '256072ea-96cc-11ee-8883-005056c00001', 'EU 39', '2023-12-24 00:03:29', '2023-12-24 00:03:29'),
('427ed408-02d8-4344-bb2f-512e11280b88', '3489f4fc-0ea8-437f-a7ff-d2005e4f0286', '256072ea-96cc-11ee-8883-005056c00001', 'EU 38.5', '2023-12-24 00:46:00', '2023-12-24 00:46:00'),
('42e4a421-65b4-4292-9ac0-6202b50a02ab', '5011278e-c2ee-4ae4-af34-91570a294084', '256072ea-96cc-11ee-8883-005056c00001', 'EU 38.5', '2023-12-23 22:52:14', '2023-12-23 22:52:14'),
('44594bb4-520f-46de-a590-abe515e9cacb', 'eb23c9df-b848-4f01-ab5a-555a3dd83ece', '256072ea-96cc-11ee-8883-005056c00001', 'EU 41', '2023-12-23 22:30:10', '2023-12-23 22:30:10'),
('454b15cc-8ef3-4d02-9d20-98b1cecbf884', '5fcf6ac3-b8d5-4e44-9929-d49274b8963f', '256072ea-96cc-11ee-8883-005056c00001', 'EU 37.5', '2023-12-24 00:22:14', '2023-12-24 00:22:14'),
('45bdfc38-caf2-40f5-bc27-0af283f22efa', '4605621a-59de-4094-8750-03201c2a3923', '256072ea-96cc-11ee-8883-005056c00001', 'EU 38', '2023-12-23 23:18:45', '2023-12-23 23:18:45'),
('46d91291-f09f-4792-affb-b4ef202bc7b6', 'db2d5290-13c3-4b47-b608-fb71d2a9741a', '256072ea-96cc-11ee-8883-005056c00001', 'EU 41', '2023-12-23 23:12:03', '2023-12-23 23:12:03'),
('4755f953-96fc-4ec5-ab2e-f24553a332dc', '4eaf5df1-a5a7-4870-b70a-04f0e8584a16', '256072ea-96cc-11ee-8883-005056c00001', 'EU 40', '2023-12-23 22:25:19', '2023-12-23 22:25:19'),
('48cee354-6ff0-4049-9c53-4662d233e029', '7d0fab10-76cd-4ff0-831f-4d2900559bdd', '256072ea-96cc-11ee-8883-005056c00001', 'EU 41.5', '2023-12-23 22:46:28', '2023-12-23 22:46:28'),
('491baef0-d292-43da-a6c1-4eacd87642ed', 'c4fe21ca-e75e-478c-8d75-716159cffff9', '256072ea-96cc-11ee-8883-005056c00001', 'EU 33', '2023-12-24 00:25:25', '2023-12-24 00:25:25'),
('494791e6-6926-400e-946f-bf8ab9d4c258', '0a91236a-fb6e-4408-acd5-f2132450755f', '256072ea-96cc-11ee-8883-005056c00001', 'EU 40', '2023-12-24 00:03:33', '2023-12-24 00:03:33'),
('49ad4d71-6609-41a1-9efe-ee53241b51cb', 'd36f582b-f30a-4c52-a4bf-14e441fe4689', '256072ea-96cc-11ee-8883-005056c00001', 'EU 37', '2023-12-23 23:34:49', '2023-12-23 23:34:49'),
('49e5eeb1-87ac-49b3-bf7a-1f4a5c223c4e', '11fdd926-a92c-4606-ba28-cafb80f69a04', '256072ea-96cc-11ee-8883-005056c00001', 'EU 35.5', '2023-12-24 00:08:19', '2023-12-24 00:08:19'),
('4af79eff-1d84-4529-a109-1f096c9d21f8', 'bbb759c8-3a59-4bf9-9184-692c0459d31e', '256072ea-96cc-11ee-8883-005056c00001', 'EU 40', '2023-12-23 23:06:23', '2023-12-23 23:06:23'),
('4b62581f-d4ff-4483-8749-6d340a1a4b6b', 'a1e1e1da-8e32-41e9-a9c5-4cfe871567e2', '256072ea-96cc-11ee-8883-005056c00001', 'EU 36', '2023-12-24 00:06:15', '2023-12-24 00:06:15'),
('4c3d299b-8343-436a-aea1-d16b885e596f', '5827e27b-0bd4-40c1-b7ad-dfcc0bd89b05', '256072ea-96cc-11ee-8883-005056c00001', 'EU 41', '2023-12-23 22:42:26', '2023-12-23 22:42:26'),
('4d85dcd2-ca15-4072-8ef5-ea81e2470d59', 'e056797c-4b7c-4d15-9392-403b93417397', '256072ea-96cc-11ee-8883-005056c00001', 'EU 41', '2023-12-23 23:08:39', '2023-12-23 23:08:39'),
('4e640b8c-dd44-45c6-97ce-6707f494659d', '5827e27b-0bd4-40c1-b7ad-dfcc0bd89b05', '256072ea-96cc-11ee-8883-005056c00001', 'EU 43', '2023-12-23 22:42:34', '2023-12-23 22:42:34'),
('4eeff364-ac5b-4d05-86f5-31a3d508cd98', 'a470e082-652c-4061-b2c6-bf69fef08593', '256072ea-96cc-11ee-8883-005056c00001', 'EU 38', '2023-12-23 23:33:11', '2023-12-23 23:33:11'),
('502837ad-5879-4a35-8a71-b0ca26f9650f', 'a0bbeaa0-eeec-4fca-9e51-67c301c69721', '256072ea-96cc-11ee-8883-005056c00001', 'EU 43', '2023-12-23 22:28:34', '2023-12-23 22:28:34'),
('5178a6c8-88dc-46b2-b381-cc0e17eadbc3', '592377e7-fbb5-4362-a5d1-72e1cd03a2f2', '256072ea-96cc-11ee-8883-005056c00001', 'EU 35.5', '2023-12-24 00:01:10', '2023-12-24 00:01:10'),
('5182fa4c-f955-407e-8364-cf88f377defc', '604397bc-c55c-456a-8b51-6bc872dde68e', '256072ea-96cc-11ee-8883-005056c00001', 'EU 41', '2023-12-23 23:50:20', '2023-12-23 23:50:20'),
('528083ad-303e-4432-8977-825e7742c227', 'afdf8ec1-d6db-43f8-a869-e6df8f7a2c55', '256072ea-96cc-11ee-8883-005056c00001', 'EU 30', '2023-12-24 00:29:13', '2023-12-24 00:29:13'),
('5311a009-7379-417b-bc88-b043528e3762', '960a800c-673b-4de9-8e73-1c9999a4306f', '256072ea-96cc-11ee-8883-005056c00001', 'EU 42', '2023-12-23 22:44:49', '2023-12-23 22:44:49'),
('5397e852-cc70-4c32-b5ea-481143554400', '0a91236a-fb6e-4408-acd5-f2132450755f', '256072ea-96cc-11ee-8883-005056c00001', 'EU 36.5', '2023-12-24 00:03:17', '2023-12-24 00:03:17'),
('5440181a-6df0-4e7d-9822-0dcd1fb78ecb', '75741427-85fb-47cc-b29d-516e33963bdc', '256072ea-96cc-11ee-8883-005056c00001', 'EU 42', '2023-12-23 23:15:52', '2023-12-23 23:15:52'),
('54e33c00-30a6-4247-8d20-559cd1d2bbca', 'b8706de8-8175-4a76-9a02-798ea3869930', '256072ea-96cc-11ee-8883-005056c00001', 'EU 37', '2023-12-23 22:59:35', '2023-12-23 22:59:35'),
('5540adbf-d310-438a-9908-c670a75512d8', '98f0590f-3fbe-47e6-8e31-b00445e38925', '256072ea-96cc-11ee-8883-005056c00001', 'EU 32', '2023-12-24 01:03:29', '2023-12-24 01:03:29'),
('5661ee77-df69-4474-a61a-a0d998bb3f13', '5fcf6ac3-b8d5-4e44-9929-d49274b8963f', '256072ea-96cc-11ee-8883-005056c00001', 'EU 37', '2023-12-24 00:22:08', '2023-12-24 00:22:08'),
('5699d5cb-18e6-42ee-87df-e87aa4022f18', '68a95282-0148-4808-ad88-6e401c6b1695', '256072ea-96cc-11ee-8883-005056c00001', 'EU 40.5', '2023-12-23 22:23:31', '2023-12-23 22:23:31'),
('576433ff-a21e-4b41-83cc-6c870f0cb74e', 'e056797c-4b7c-4d15-9392-403b93417397', '256072ea-96cc-11ee-8883-005056c00001', 'EU 38.5', '2023-12-23 23:08:20', '2023-12-23 23:08:20'),
('57a8855d-21a0-438d-9cab-e5d7e7c20094', '58b0519a-85bd-475b-982b-684e5454b29a', '256072ea-96cc-11ee-8883-005056c00001', 'EU 39', '2023-12-23 22:21:46', '2023-12-23 22:21:46'),
('58779c02-1405-4c97-8544-095f47e20173', '166be991-dd1d-4802-8057-e367a5404fde', '256072ea-96cc-11ee-8883-005056c00001', 'EU 33', '2023-12-24 00:59:10', '2023-12-24 00:59:10'),
('58bda7e6-7931-4e14-8ef4-a2fcc83dee36', '977ba539-8386-4197-82fd-623a6cd7b5bb', '256072ea-96cc-11ee-8883-005056c00001', 'EU 43', '2023-12-23 22:15:49', '2023-12-23 22:15:49'),
('5952bb73-e24f-448b-929c-5609ba2ba971', '4eaf5df1-a5a7-4870-b70a-04f0e8584a16', '256072ea-96cc-11ee-8883-005056c00001', 'EU 37', '2023-12-23 22:25:56', '2023-12-23 22:25:56'),
('5a301620-b81e-4731-871b-33457acefeec', 'e2942323-4f59-49af-976e-c18a9da12df3', '256072ea-96cc-11ee-8883-005056c00001', 'EU 38', '2023-12-23 23:44:42', '2023-12-23 23:44:42'),
('5be46ae8-0f56-41fb-9cc9-e1832e173252', '1cd740c2-466a-4656-b1f4-49296daabcb9', '256072ea-96cc-11ee-8883-005056c00001', 'EU 37', '2023-12-23 23:41:25', '2023-12-23 23:41:25'),
('5d2c64eb-19a3-42c2-8153-913deba8916b', '7696d166-4e75-4fa3-ab6c-f98e193b2f62', '256072ea-96cc-11ee-8883-005056c00001', 'EU 41', '2023-12-23 23:24:21', '2023-12-23 23:24:21'),
('5d6326df-1f2f-4a9c-8098-cb612052db8c', '93bd8b13-b062-4b67-bfd4-746bf6132305', '256072ea-96cc-11ee-8883-005056c00001', 'EU 40', '2023-12-23 22:48:11', '2023-12-23 22:48:11'),
('5e075d7c-3729-468d-a6b9-ce4181a3385c', '977ba539-8386-4197-82fd-623a6cd7b5bb', '256072ea-96cc-11ee-8883-005056c00001', 'EU 41.5', '2023-12-23 22:15:42', '2023-12-23 22:15:42'),
('5fd292d0-6d66-46d2-846f-88753ca05cdc', 'a1e1e1da-8e32-41e9-a9c5-4cfe871567e2', '256072ea-96cc-11ee-8883-005056c00001', 'EU 37', '2023-12-24 00:06:32', '2023-12-24 00:06:32'),
('602c5861-632c-4f4b-ba6d-b0c37b6d0e56', '75741427-85fb-47cc-b29d-516e33963bdc', '256072ea-96cc-11ee-8883-005056c00001', 'EU 39', '2023-12-23 23:15:33', '2023-12-23 23:15:33'),
('602f2875-5c11-4876-b446-bdd1ff3d3c0d', 'f23a363c-67d6-41ae-8839-f2c573088759', '256072ea-96cc-11ee-8883-005056c00001', 'EU 36', '2023-12-23 22:58:20', '2023-12-23 22:58:20'),
('608286e9-4160-424a-baf2-c78c45b39d3f', '005c13f1-5d88-48a2-b5df-7c632139cf5d', '256072ea-96cc-11ee-8883-005056c00001', 'EU 36', '2023-12-24 00:23:56', '2023-12-24 00:23:56'),
('628b475b-3297-4fc7-9136-924210c0aaf4', '11fdd926-a92c-4606-ba28-cafb80f69a04', '256072ea-96cc-11ee-8883-005056c00001', 'EU 38', '2023-12-24 00:08:23', '2023-12-24 00:08:23'),
('64082b85-e93f-46c3-8f35-70419d2b542a', 'ecaee277-9218-43cc-9314-dc9a6a19b404', '256072ea-96cc-11ee-8883-005056c00001', 'EU 36.5', '2023-12-23 23:38:09', '2023-12-23 23:38:09'),
('641c96de-c8b9-458d-b937-8f476ef6ec31', '592377e7-fbb5-4362-a5d1-72e1cd03a2f2', '256072ea-96cc-11ee-8883-005056c00001', 'EU 40', '2023-12-24 00:01:29', '2023-12-24 00:01:29'),
('64a16905-c3af-44d4-8c7a-759be4be7987', '0a91236a-fb6e-4408-acd5-f2132450755f', '256072ea-96cc-11ee-8883-005056c00001', 'EU 38', '2023-12-24 00:03:25', '2023-12-24 00:03:25'),
('653810d5-b3ad-42be-bc4d-03cd3fedf6b0', '93bd8b13-b062-4b67-bfd4-746bf6132305', '256072ea-96cc-11ee-8883-005056c00001', 'EU 43', '2023-12-23 22:48:20', '2023-12-23 22:48:20'),
('65ea25cd-6411-4e2e-adc3-24611e52d4b0', 'a1e1e1da-8e32-41e9-a9c5-4cfe871567e2', '256072ea-96cc-11ee-8883-005056c00001', 'EU 38.5', '2023-12-24 00:06:38', '2023-12-24 00:06:38'),
('666d433b-c134-4ea8-949d-b4669e68b41d', '1cd740c2-466a-4656-b1f4-49296daabcb9', '256072ea-96cc-11ee-8883-005056c00001', 'EU 36', '2023-12-23 23:41:10', '2023-12-23 23:41:10'),
('66e47c9d-faf0-423a-903f-fd4561a83110', '3b4f8dae-a89e-4055-a982-ec472f41cdba', '256072ea-96cc-11ee-8883-005056c00001', 'EU 37.5', '2023-12-23 23:36:20', '2023-12-23 23:36:20'),
('6733a709-1835-44b5-bf7a-39eb12c7b9ed', '79333c5b-5b2f-4b5c-9555-dd75cb6471a5', '256072ea-96cc-11ee-8883-005056c00001', 'EU 39', '2023-12-23 23:10:34', '2023-12-23 23:10:34'),
('6764ca3d-7630-497d-936e-bd7f72503f64', '127c698a-5d4a-43e1-be16-5ed62992b585', '256072ea-96cc-11ee-8883-005056c00001', 'EU 40.5', '2023-12-23 23:04:15', '2023-12-23 23:04:15'),
('67c9e003-74ea-4764-b3bb-838e69ecabc4', '7d0fab10-76cd-4ff0-831f-4d2900559bdd', '256072ea-96cc-11ee-8883-005056c00001', 'EU 41', '2023-12-23 22:46:13', '2023-12-23 22:46:13'),
('68e13647-c8f8-4397-a7b0-f3ade485f1e7', '51c427f7-22e9-4579-a338-39e220f300ac', '256072ea-96cc-11ee-8883-005056c00001', 'EU 39', '2023-12-24 00:09:55', '2023-12-24 00:09:55'),
('6afdccae-4e9b-4999-aeae-4aeae14b4cdc', '604397bc-c55c-456a-8b51-6bc872dde68e', '256072ea-96cc-11ee-8883-005056c00001', 'EU 38.5', '2023-12-23 23:50:15', '2023-12-23 23:50:15'),
('6c353713-2bfe-437c-9c15-4bc1c7b424a7', 'dfe6d78b-b5dc-4d93-8b5a-cd581ee44935', '256072ea-96cc-11ee-8883-005056c00001', 'EU 39', '2023-12-24 00:44:00', '2023-12-24 00:44:00'),
('6c696e14-7bcc-43ca-84d0-40b0af04a3ea', 'a470e082-652c-4061-b2c6-bf69fef08593', '256072ea-96cc-11ee-8883-005056c00001', 'EU 40', '2023-12-23 23:33:23', '2023-12-23 23:33:23'),
('6df1b777-2cae-4507-ae08-fb9e0af61c19', 'd36f582b-f30a-4c52-a4bf-14e441fe4689', '256072ea-96cc-11ee-8883-005056c00001', 'EU 36', '2023-12-23 23:34:41', '2023-12-23 23:34:41'),
('6e3553c5-d3b4-48ca-a940-5aaf56207a5f', '51c427f7-22e9-4579-a338-39e220f300ac', '256072ea-96cc-11ee-8883-005056c00001', 'EU 36', '2023-12-24 00:10:26', '2023-12-24 00:10:26'),
('6e509cbe-edb1-4250-9e23-b81ab327d29f', '4605621a-59de-4094-8750-03201c2a3923', '256072ea-96cc-11ee-8883-005056c00001', 'EU 40', '2023-12-23 23:18:58', '2023-12-23 23:18:58'),
('6e6535da-eda2-47ec-9b1a-b5ffc63a1304', '0a91236a-fb6e-4408-acd5-f2132450755f', '256072ea-96cc-11ee-8883-005056c00001', 'EU 36', '2023-12-24 00:03:14', '2023-12-24 00:03:14'),
('6e90d252-fd13-45e0-8bca-e3f8c1cfb368', '79333c5b-5b2f-4b5c-9555-dd75cb6471a5', '256072ea-96cc-11ee-8883-005056c00001', 'EU 42.5', '2023-12-23 23:10:13', '2023-12-23 23:10:13'),
('703776b2-f015-4566-96ad-351afdc2a986', 'b8706de8-8175-4a76-9a02-798ea3869930', '256072ea-96cc-11ee-8883-005056c00001', 'EU 38', '2023-12-23 22:59:46', '2023-12-23 22:59:46'),
('72ab54c4-9072-4dcc-8b1a-294c99213e90', 'bbb759c8-3a59-4bf9-9184-692c0459d31e', '256072ea-96cc-11ee-8883-005056c00001', 'EU 38', '2023-12-23 23:05:56', '2023-12-23 23:05:56'),
('72cc63ce-f8f3-4120-8bfd-f3f19ddb5fbb', '5827e27b-0bd4-40c1-b7ad-dfcc0bd89b05', '256072ea-96cc-11ee-8883-005056c00001', 'EU 40', '2023-12-23 22:42:21', '2023-12-23 22:42:21'),
('7359ae34-a9df-4726-bb1e-cbcf7a6d2cd4', '58b0519a-85bd-475b-982b-684e5454b29a', '256072ea-96cc-11ee-8883-005056c00001', 'EU 42', '2023-12-23 22:22:01', '2023-12-23 22:22:01'),
('74b1e9bd-4da5-4e3d-af11-2ba57405de53', '75741427-85fb-47cc-b29d-516e33963bdc', '256072ea-96cc-11ee-8883-005056c00001', 'EU 39.5', '2023-12-23 23:15:38', '2023-12-23 23:15:38'),
('77025d69-f2b6-47f2-a2bb-918664f8ed56', 'a0bbeaa0-eeec-4fca-9e51-67c301c69721', '256072ea-96cc-11ee-8883-005056c00001', 'EU 37', '2023-12-23 22:28:06', '2023-12-23 22:28:06'),
('770e877c-f5e0-49e6-b7e7-ffe20201aefb', '4e00c890-9d7c-4de1-964f-12a3d687f481', '256072ea-96cc-11ee-8883-005056c00001', 'EU 38', '2023-12-23 22:55:50', '2023-12-23 22:55:50'),
('77bb5ac7-6fd9-4120-ae0b-50699d81411b', '34bb4cd1-b629-4e25-87c7-050f97d20159', '256072ea-96cc-11ee-8883-005056c00001', 'EU 40.5', '2023-12-23 23:47:26', '2023-12-23 23:47:26'),
('77fe64b5-6cf9-4cb9-89b5-5833fecd43c8', '75741427-85fb-47cc-b29d-516e33963bdc', '256072ea-96cc-11ee-8883-005056c00001', 'EU 38', '2023-12-23 23:15:29', '2023-12-23 23:15:29'),
('7a69d4e1-0691-4a77-afb1-1b68edc4150a', '977ba539-8386-4197-82fd-623a6cd7b5bb', '256072ea-96cc-11ee-8883-005056c00001', 'EU 41', '2023-12-23 22:15:36', '2023-12-23 22:15:36'),
('824469fe-b6d3-4687-988b-01c1dc8321cb', 'b6925044-b883-49b1-96f8-4f16001a681e', '256072ea-96cc-11ee-8883-005056c00001', 'EU 40.5', '2023-12-23 23:55:48', '2023-12-23 23:55:48'),
('829cd276-96d0-4b00-be8e-49528cde901c', '68a95282-0148-4808-ad88-6e401c6b1695', '256072ea-96cc-11ee-8883-005056c00001', 'EU 43', '2023-12-23 22:23:50', '2023-12-23 22:23:50'),
('830857d0-dabd-4a9c-a8d2-1652266b06a1', 'c908b6bb-1ce1-47d4-849b-b5302762e533', '256072ea-96cc-11ee-8883-005056c00001', 'EU 39', '2023-12-24 00:41:31', '2023-12-24 00:41:31'),
('84b93125-b4b4-4768-a68b-0bb8922c7e54', '236b3032-3a8f-4885-912f-24915c5b851c', '256072ea-96cc-11ee-8883-005056c00001', 'EU 39', '2023-12-23 22:39:30', '2023-12-23 22:39:30'),
('862071d4-21bd-4b27-acf8-7085d6f315d3', 'bbb759c8-3a59-4bf9-9184-692c0459d31e', '256072ea-96cc-11ee-8883-005056c00001', 'EU 39.5', '2023-12-23 23:06:17', '2023-12-23 23:06:17'),
('89105af4-ae3a-4f69-9239-233ddd4fabd0', 'a470e082-652c-4061-b2c6-bf69fef08593', '256072ea-96cc-11ee-8883-005056c00001', 'EU 37', '2023-12-23 23:33:03', '2023-12-23 23:33:03'),
('8ab449a9-d0b5-4e92-81fe-f35d6f076321', '5a45736b-b809-44dc-bc7c-d2ae9d794a5e', '256072ea-96cc-11ee-8883-005056c00001', 'EU 40', '2023-12-23 23:02:21', '2023-12-23 23:02:21'),
('8b3000a3-abd2-4740-b9ae-1653548a9dcb', '51c427f7-22e9-4579-a338-39e220f300ac', '256072ea-96cc-11ee-8883-005056c00001', 'EU 38.5', '2023-12-24 00:10:05', '2023-12-24 00:10:05'),
('8bbed2bc-6bca-4ea9-9258-ba2b6e07d6c8', '480c231f-b9cf-41af-8b6a-17f6d023aea9', '256072ea-96cc-11ee-8883-005056c00001', 'EU 37', '2023-12-23 23:57:46', '2023-12-23 23:57:46'),
('8be88be7-7878-4566-a7a4-411aed6c8d6d', '166be991-dd1d-4802-8057-e367a5404fde', '256072ea-96cc-11ee-8883-005056c00001', 'EU 32', '2023-12-24 00:59:05', '2023-12-24 00:59:05'),
('8c3021d5-9843-4b54-805e-358447bdbcc4', '8180ff8e-d010-4abd-8078-caabe22455a3', '256072ea-96cc-11ee-8883-005056c00001', 'EU 37', '2023-12-23 23:52:19', '2023-12-23 23:52:19'),
('8c62aca6-fef1-4357-923c-2558da5d1e7d', 'e056797c-4b7c-4d15-9392-403b93417397', '256072ea-96cc-11ee-8883-005056c00001', 'EU 42', '2023-12-23 23:08:44', '2023-12-23 23:08:44'),
('8ca3a716-a3ec-4708-9367-c549a66aafcb', '1cd740c2-466a-4656-b1f4-49296daabcb9', '256072ea-96cc-11ee-8883-005056c00001', 'EU 36.5', '2023-12-23 23:41:18', '2023-12-23 23:41:18'),
('8d55d86a-efe3-4c28-92e7-e4e46bc452a5', '5827e27b-0bd4-40c1-b7ad-dfcc0bd89b05', '256072ea-96cc-11ee-8883-005056c00001', 'EU 38', '2023-12-23 22:42:04', '2023-12-23 22:42:04'),
('8d7f6052-093b-4a03-b0e0-a81298c1e4af', 'bbb759c8-3a59-4bf9-9184-692c0459d31e', '256072ea-96cc-11ee-8883-005056c00001', 'EU 38.5', '2023-12-23 23:06:04', '2023-12-23 23:06:04'),
('8d875b69-3ddc-4894-9480-aeff3e55181e', 'eb23c9df-b848-4f01-ab5a-555a3dd83ece', '256072ea-96cc-11ee-8883-005056c00001', 'EU 42', '2023-12-23 22:30:52', '2023-12-23 22:30:52'),
('8de9f349-f486-4282-a602-9d5fcb998839', '79333c5b-5b2f-4b5c-9555-dd75cb6471a5', '256072ea-96cc-11ee-8883-005056c00001', 'EU 42', '2023-12-23 23:10:18', '2023-12-23 23:10:18'),
('8df29809-5c26-4e11-b913-2bd214fca418', '236b3032-3a8f-4885-912f-24915c5b851c', '256072ea-96cc-11ee-8883-005056c00001', 'EU 37', '2023-12-23 22:39:23', '2023-12-23 22:39:23'),
('8ead6a22-0086-46ee-b665-9c34168ec084', '22709097-e2b6-4a1a-ac72-addbacf61d08', '256072ea-96cc-11ee-8883-005056c00001', 'EU 40', '2023-12-23 23:59:24', '2023-12-23 23:59:24'),
('8ed9f4db-9880-439a-8e7c-f6a26dc6f51d', 'f33b8f5b-c1ef-4bef-97dd-c054777d6071', '256072ea-96cc-11ee-8883-005056c00001', 'EU 42', '2023-12-23 23:21:54', '2023-12-23 23:21:54'),
('8f5f18eb-6400-4bb1-a72c-2eed7106a494', 'f23a363c-67d6-41ae-8839-f2c573088759', '256072ea-96cc-11ee-8883-005056c00001', 'EU 37', '2023-12-23 22:58:26', '2023-12-23 22:58:26'),
('904f826c-024e-4bb3-88ce-d47bba83df95', 'ecaee277-9218-43cc-9314-dc9a6a19b404', '256072ea-96cc-11ee-8883-005056c00001', 'EU 38', '2023-12-23 23:38:24', '2023-12-23 23:38:24'),
('90da0c34-37bb-40d2-8525-029452ea2153', '22709097-e2b6-4a1a-ac72-addbacf61d08', '256072ea-96cc-11ee-8883-005056c00001', 'EU 37', '2023-12-23 23:59:16', '2023-12-23 23:59:16'),
('913ae9dd-ea9e-4c25-8a17-e8b05060ecef', '127c698a-5d4a-43e1-be16-5ed62992b585', '256072ea-96cc-11ee-8883-005056c00001', 'EU 41.5', '2023-12-23 23:04:18', '2023-12-23 23:04:18'),
('92938653-848e-4139-a2a5-286edc5a31aa', '58b0519a-85bd-475b-982b-684e5454b29a', '256072ea-96cc-11ee-8883-005056c00001', 'EU 37', '2023-12-23 22:21:37', '2023-12-23 22:21:37'),
('936bfa3e-c236-4808-8cfd-e568123c3e9c', 'b60b6594-f7c4-48e2-b6d9-46da1c8cead2', '256072ea-96cc-11ee-8883-005056c00001', 'EU 39', '2023-12-23 22:19:19', '2023-12-23 22:19:19'),
('94845265-09ad-41e0-8a1a-ecb94b6ffc90', '960a800c-673b-4de9-8e73-1c9999a4306f', '256072ea-96cc-11ee-8883-005056c00001', 'EU 41', '2023-12-23 22:44:41', '2023-12-23 22:44:41'),
('95c2a353-882a-4ff0-b905-5937678fc43d', '1cd740c2-466a-4656-b1f4-49296daabcb9', '256072ea-96cc-11ee-8883-005056c00001', 'EU 35.5', '2023-12-23 23:41:14', '2023-12-23 23:41:14'),
('95cdccf8-3d15-4a92-9f48-007dc4722db8', '7d0fab10-76cd-4ff0-831f-4d2900559bdd', '256072ea-96cc-11ee-8883-005056c00001', 'EU 42', '2023-12-23 22:46:20', '2023-12-23 22:46:20'),
('95db98f8-a330-4842-b705-bf351c21f2c4', '4605621a-59de-4094-8750-03201c2a3923', '256072ea-96cc-11ee-8883-005056c00001', 'EU 42', '2023-12-23 23:19:06', '2023-12-23 23:19:06'),
('96025c06-7b75-472d-bb49-8f8557c9b792', '8180ff8e-d010-4abd-8078-caabe22455a3', '256072ea-96cc-11ee-8883-005056c00001', 'EU 39', '2023-12-23 23:52:32', '2023-12-23 23:52:32'),
('9642324b-2754-4f3e-a26c-076dae5d47d8', 'e2942323-4f59-49af-976e-c18a9da12df3', '256072ea-96cc-11ee-8883-005056c00001', 'EU 37', '2023-12-23 23:44:35', '2023-12-23 23:44:35'),
('96c4c566-6a37-4be8-8eab-f4a06b2550b6', 'b8706de8-8175-4a76-9a02-798ea3869930', '256072ea-96cc-11ee-8883-005056c00001', 'EU 37.5', '2023-12-23 22:59:40', '2023-12-23 22:59:40'),
('971d80cc-4e8c-486d-8ee9-d573f1f956c5', '7cbdf4c9-791a-4110-9c82-f1acf8ad2e19', '256072ea-96cc-11ee-8883-005056c00001', 'EU 43', '2023-12-23 22:50:36', '2023-12-23 22:50:36'),
('973d04d6-269b-47a9-ba4e-42d758033c82', 'b0bd1595-9414-4e78-9baa-e7acf25521c8', '256072ea-96cc-11ee-8883-005056c00001', 'EU 37', '2023-12-23 23:46:15', '2023-12-23 23:46:15'),
('979eef48-8795-4d1a-9be6-cac3a7dd88e8', 'e056797c-4b7c-4d15-9392-403b93417397', '256072ea-96cc-11ee-8883-005056c00001', 'EU 40.5', '2023-12-23 23:08:32', '2023-12-23 23:08:32'),
('97f64dd3-1256-4c42-8918-f6e205f43979', '93bd8b13-b062-4b67-bfd4-746bf6132305', '256072ea-96cc-11ee-8883-005056c00001', 'EU 39', '2023-12-23 22:47:54', '2023-12-23 22:47:54'),
('98aa0f61-ecd1-4f27-8b5f-0b8e27fb545c', '4605621a-59de-4094-8750-03201c2a3923', '256072ea-96cc-11ee-8883-005056c00001', 'EU 39', '2023-12-23 23:18:53', '2023-12-23 23:18:53'),
('99e8da4a-4f4f-4d7f-85ff-cf78a5375d9b', 'c4fe21ca-e75e-478c-8d75-716159cffff9', '256072ea-96cc-11ee-8883-005056c00001', 'EU 30', '2023-12-24 00:25:15', '2023-12-24 00:25:15'),
('9ac42656-e9c7-4510-9333-6b215127cb5c', '34bb4cd1-b629-4e25-87c7-050f97d20159', '256072ea-96cc-11ee-8883-005056c00001', 'EU 38', '2023-12-23 23:47:39', '2023-12-23 23:47:39'),
('9aefd0be-b09a-4927-bf86-e1d1196d7edd', 'eb23c9df-b848-4f01-ab5a-555a3dd83ece', '256072ea-96cc-11ee-8883-005056c00001', 'EU 40', '2023-12-23 22:29:59', '2023-12-23 22:29:59'),
('9c04fab2-8ab9-4573-a80d-5b996704376e', '22709097-e2b6-4a1a-ac72-addbacf61d08', '256072ea-96cc-11ee-8883-005056c00001', 'EU 38', '2023-12-23 23:59:12', '2023-12-23 23:59:12'),
('9cfc5370-bd34-4543-b199-62a21b3039af', 'db2d5290-13c3-4b47-b608-fb71d2a9741a', '256072ea-96cc-11ee-8883-005056c00001', 'EU 39', '2023-12-23 23:11:48', '2023-12-23 23:11:48'),
('9d7bde89-0b43-455b-8958-aac70a4bb6e6', 'a6f8665a-e536-4b40-997f-c55e67316939', '256072ea-96cc-11ee-8883-005056c00001', 'EU 36', '2023-12-23 22:53:55', '2023-12-23 22:53:55'),
('9d950a23-6cea-4de1-a1f2-62efafc4e888', 'b0bd1595-9414-4e78-9baa-e7acf25521c8', '256072ea-96cc-11ee-8883-005056c00001', 'EU 38', '2023-12-23 23:46:21', '2023-12-23 23:46:21'),
('9ee7c3ae-7efd-4775-aeee-5e536f1d0312', 'd36f582b-f30a-4c52-a4bf-14e441fe4689', '256072ea-96cc-11ee-8883-005056c00001', 'EU 37.5', '2023-12-23 23:34:55', '2023-12-23 23:34:55'),
('a04c2bef-204e-4097-a353-6ca16efb938b', '5a45736b-b809-44dc-bc7c-d2ae9d794a5e', '256072ea-96cc-11ee-8883-005056c00001', 'EU 38', '2023-12-23 23:02:16', '2023-12-23 23:02:16'),
('a0550bff-c804-45e5-88a4-c75bf475c010', 'eb23c9df-b848-4f01-ab5a-555a3dd83ece', '256072ea-96cc-11ee-8883-005056c00001', 'EU 39', '2023-12-23 22:29:51', '2023-12-23 22:29:51'),
('a3171c34-fffe-40bc-82c0-68c3ebb69144', '58b0519a-85bd-475b-982b-684e5454b29a', '256072ea-96cc-11ee-8883-005056c00001', 'EU 38', '2023-12-23 22:21:42', '2023-12-23 22:21:42'),
('a3a24e8a-2c07-4c14-a183-baeeb99eb94c', 'f33b8f5b-c1ef-4bef-97dd-c054777d6071', '256072ea-96cc-11ee-8883-005056c00001', 'EU 43', '2023-12-23 23:22:01', '2023-12-23 23:22:01'),
('a44fb7d0-d4cb-453a-860e-99c8ca7ec213', '480c231f-b9cf-41af-8b6a-17f6d023aea9', '256072ea-96cc-11ee-8883-005056c00001', 'EU 37.5', '2023-12-23 23:57:50', '2023-12-23 23:57:50'),
('a4aa99fc-ebb3-404e-b7e6-daa2c09e164f', 'a0bbeaa0-eeec-4fca-9e51-67c301c69721', '256072ea-96cc-11ee-8883-005056c00001', 'EU 40', '2023-12-23 22:28:23', '2023-12-23 22:28:23'),
('a4d9e75c-343f-4601-b493-73dfd2065d1d', '34bb4cd1-b629-4e25-87c7-050f97d20159', '256072ea-96cc-11ee-8883-005056c00001', 'EU 41', '2023-12-23 23:47:32', '2023-12-23 23:47:32'),
('a51b712d-1fd8-4c7d-99f7-4c85c9fcb456', '7d0fab10-76cd-4ff0-831f-4d2900559bdd', '256072ea-96cc-11ee-8883-005056c00001', 'EU 40', '2023-12-23 22:46:08', '2023-12-23 22:46:08'),
('a5318d3a-0e66-4499-b781-5c16f5af4191', '127c698a-5d4a-43e1-be16-5ed62992b585', '256072ea-96cc-11ee-8883-005056c00001', 'EU 37', '2023-12-23 23:03:56', '2023-12-23 23:03:56'),
('a72c93e6-bca5-41bc-bf8e-379d0af5d643', '7d0fab10-76cd-4ff0-831f-4d2900559bdd', '256072ea-96cc-11ee-8883-005056c00001', 'EU 42', '2023-12-23 22:46:34', '2023-12-23 22:46:34'),
('a754c45e-9f32-46e4-8ccc-2476ba155c90', 'bbb759c8-3a59-4bf9-9184-692c0459d31e', '256072ea-96cc-11ee-8883-005056c00001', 'EU 37', '2023-12-23 23:05:51', '2023-12-23 23:05:51'),
('a780fe64-1dc8-4792-92ed-fd0780c4dcca', '480c231f-b9cf-41af-8b6a-17f6d023aea9', '256072ea-96cc-11ee-8883-005056c00001', 'EU 38', '2023-12-23 23:57:41', '2023-12-23 23:57:41'),
('a867940f-2739-44b8-8699-24939d0ff5ec', '480c231f-b9cf-41af-8b6a-17f6d023aea9', '256072ea-96cc-11ee-8883-005056c00001', 'EU 36.5', '2023-12-23 23:57:36', '2023-12-23 23:57:36'),
('a96201d9-8ca7-4892-988d-506013a0c532', 'bbb759c8-3a59-4bf9-9184-692c0459d31e', '256072ea-96cc-11ee-8883-005056c00001', 'EU 41', '2023-12-23 23:06:28', '2023-12-23 23:06:28'),
('a9b094ab-5bdc-45bf-aaeb-62853ea3b2da', 'c4fe21ca-e75e-478c-8d75-716159cffff9', '256072ea-96cc-11ee-8883-005056c00001', 'EU 36', '2023-12-24 00:25:42', '2023-12-24 00:25:42'),
('aa0df8b4-b171-4642-a4d3-1ea140b11b1a', '79333c5b-5b2f-4b5c-9555-dd75cb6471a5', '256072ea-96cc-11ee-8883-005056c00001', 'EU 41', '2023-12-23 23:10:23', '2023-12-23 23:10:23'),
('aa6950f2-6f86-4a27-b711-e151e81a279f', '98f0590f-3fbe-47e6-8e31-b00445e38925', '256072ea-96cc-11ee-8883-005056c00001', 'EU 30', '2023-12-24 01:03:15', '2023-12-24 01:03:15'),
('ab28793a-e8b3-492c-8964-93ee0b3ee764', 'a470e082-652c-4061-b2c6-bf69fef08593', '256072ea-96cc-11ee-8883-005056c00001', 'EU 39', '2023-12-23 23:33:16', '2023-12-23 23:33:16'),
('abe4d6a7-37f1-4d05-a2fb-42506b6647fa', '68a95282-0148-4808-ad88-6e401c6b1695', '256072ea-96cc-11ee-8883-005056c00001', 'EU 41.5', '2023-12-23 22:23:36', '2023-12-23 22:23:36'),
('adc809a0-c2be-4d67-91f3-f20a60807aaa', 'c908b6bb-1ce1-47d4-849b-b5302762e533', '256072ea-96cc-11ee-8883-005056c00001', 'EU 38.5', '2023-12-24 00:41:22', '2023-12-24 00:41:22'),
('ae5ab57d-86c9-49b0-9a48-853370b3ec45', '0a91236a-fb6e-4408-acd5-f2132450755f', '256072ea-96cc-11ee-8883-005056c00001', 'EU 35.5', '2023-12-24 00:03:09', '2023-12-24 00:03:09'),
('ae85db88-def1-4b70-82ae-68dd2c81725e', 'eb23c9df-b848-4f01-ab5a-555a3dd83ece', '256072ea-96cc-11ee-8883-005056c00001', 'EU 42.5', '2023-12-23 22:30:57', '2023-12-23 22:30:57'),
('aecfd356-d5cb-4ceb-8a26-8fe67c88592f', '58b0519a-85bd-475b-982b-684e5454b29a', '256072ea-96cc-11ee-8883-005056c00001', 'EU 41', '2023-12-23 22:21:58', '2023-12-23 22:21:58'),
('af7dbd21-d4b0-416e-8ebd-e121b409e60c', '5827e27b-0bd4-40c1-b7ad-dfcc0bd89b05', '256072ea-96cc-11ee-8883-005056c00001', 'EU 39.5', '2023-12-23 22:42:14', '2023-12-23 22:42:14'),
('af8134f9-ebb5-4966-81a0-b4ea98ac5de6', '5827e27b-0bd4-40c1-b7ad-dfcc0bd89b05', '256072ea-96cc-11ee-8883-005056c00001', 'EU 42', '2023-12-23 22:42:30', '2023-12-23 22:42:30'),
('b0ae366c-ce44-4469-906b-23c6078a4f6d', 'c18c5ec0-a343-4ca9-99d5-25ef0c4af291', '256072ea-96cc-11ee-8883-005056c00001', 'EU 41', '2023-12-23 22:13:14', '2023-12-23 22:13:14'),
('b361a2fc-e656-4f5a-a403-b87e105f7eb4', '592377e7-fbb5-4362-a5d1-72e1cd03a2f2', '256072ea-96cc-11ee-8883-005056c00001', 'EU 37', '2023-12-24 00:01:15', '2023-12-24 00:01:15'),
('b38932c6-3478-4688-8bd3-84b8f2a00b95', '4eaf5df1-a5a7-4870-b70a-04f0e8584a16', '256072ea-96cc-11ee-8883-005056c00001', 'EU 38', '2023-12-23 22:25:11', '2023-12-23 22:25:11'),
('b491ac41-8789-446f-b342-02ab9304b67c', 'ecaee277-9218-43cc-9314-dc9a6a19b404', '256072ea-96cc-11ee-8883-005056c00001', 'EU 40', '2023-12-23 23:38:39', '2023-12-23 23:38:39'),
('b78b2165-6ccb-4caa-bd3d-d7b5f4ca3ec1', '5011278e-c2ee-4ae4-af34-91570a294084', '256072ea-96cc-11ee-8883-005056c00001', 'EU 37', '2023-12-23 22:52:33', '2023-12-23 22:52:33'),
('b941c10b-d52f-45a5-a5b2-c4701e2d2ea9', '51c427f7-22e9-4579-a338-39e220f300ac', '256072ea-96cc-11ee-8883-005056c00001', 'EU 40.5', '2023-12-24 00:10:15', '2023-12-24 00:10:15'),
('bb3d9de2-43a7-4cb5-8e58-54565c03077f', '3b4f8dae-a89e-4055-a982-ec472f41cdba', '256072ea-96cc-11ee-8883-005056c00001', 'EU 39', '2023-12-23 23:36:37', '2023-12-23 23:36:37'),
('bc15435d-4c0e-431c-ad62-8e9e365bb8fb', '8180ff8e-d010-4abd-8078-caabe22455a3', '256072ea-96cc-11ee-8883-005056c00001', 'EU 36', '2023-12-23 23:52:13', '2023-12-23 23:52:13'),
('bc717189-bed5-421c-ba84-6ccd18aaf029', 'eb23c9df-b848-4f01-ab5a-555a3dd83ece', '256072ea-96cc-11ee-8883-005056c00001', 'EU 41.5', '2023-12-23 22:30:48', '2023-12-23 22:30:48'),
('bcbef8db-8ec8-48ef-8891-38f2337dc118', 'db2d5290-13c3-4b47-b608-fb71d2a9741a', '256072ea-96cc-11ee-8883-005056c00001', 'EU 42', '2023-12-23 23:12:08', '2023-12-23 23:12:08'),
('bda9cdb6-27f8-4483-808c-a839a94d632f', '11fdd926-a92c-4606-ba28-cafb80f69a04', '256072ea-96cc-11ee-8883-005056c00001', 'EU 37', '2023-12-24 00:08:10', '2023-12-24 00:08:10'),
('bf2bec4b-5534-420f-abee-5588c936648f', '4e00c890-9d7c-4de1-964f-12a3d687f481', '256072ea-96cc-11ee-8883-005056c00001', 'EU 40', '2023-12-23 22:56:03', '2023-12-23 22:56:03'),
('c0b765f6-829c-497c-af41-e571536efb7f', 'e056797c-4b7c-4d15-9392-403b93417397', '256072ea-96cc-11ee-8883-005056c00001', 'EU 37', '2023-12-23 23:08:04', '2023-12-23 23:08:04'),
('c0e4584b-c5f9-4a54-9214-b10e3366b1c4', '93bd8b13-b062-4b67-bfd4-746bf6132305', '256072ea-96cc-11ee-8883-005056c00001', 'EU 42', '2023-12-23 22:48:15', '2023-12-23 22:48:15'),
('c12005bd-f1d5-49ca-b503-037d3a7a1791', '7696d166-4e75-4fa3-ab6c-f98e193b2f62', '256072ea-96cc-11ee-8883-005056c00001', 'EU 42', '2023-12-23 23:24:40', '2023-12-23 23:24:40'),
('c197934d-653f-4ac5-80cd-280460671a19', '5a45736b-b809-44dc-bc7c-d2ae9d794a5e', '256072ea-96cc-11ee-8883-005056c00001', 'EU 36', '2023-12-23 23:02:10', '2023-12-23 23:02:10'),
('c2779e34-2ae7-4f7c-8b26-17d66ae91113', 'b60b6594-f7c4-48e2-b6d9-46da1c8cead2', '256072ea-96cc-11ee-8883-005056c00001', 'EU 42.5', '2023-12-23 22:20:06', '2023-12-23 22:20:06'),
('c2e14d7c-693a-4f2f-941e-62dfe63823d9', '5a45736b-b809-44dc-bc7c-d2ae9d794a5e', '256072ea-96cc-11ee-8883-005056c00001', 'EU 39.5', '2023-12-23 23:02:31', '2023-12-23 23:02:31'),
('c4462f14-0fa4-485e-a09c-ac46dd8664a7', '592377e7-fbb5-4362-a5d1-72e1cd03a2f2', '256072ea-96cc-11ee-8883-005056c00001', 'EU 38.5', '2023-12-24 00:01:24', '2023-12-24 00:01:24'),
('c47acc72-99f9-4b99-bbc3-bd5f1d39f471', '22709097-e2b6-4a1a-ac72-addbacf61d08', '256072ea-96cc-11ee-8883-005056c00001', 'EU 36', '2023-12-23 23:59:04', '2023-12-23 23:59:04'),
('c4d75ca5-f71a-4620-8211-4397212ac2be', '592377e7-fbb5-4362-a5d1-72e1cd03a2f2', '256072ea-96cc-11ee-8883-005056c00001', 'EU 36.5', '2023-12-24 00:01:20', '2023-12-24 00:01:20'),
('c5dab682-3c86-4054-ab09-cfd1902f36e0', 'b8706de8-8175-4a76-9a02-798ea3869930', '256072ea-96cc-11ee-8883-005056c00001', 'EU 40', '2023-12-23 22:59:57', '2023-12-23 22:59:57'),
('c64481c9-8ec3-42bb-8ab7-bdcc63f968e4', '8180ff8e-d010-4abd-8078-caabe22455a3', '256072ea-96cc-11ee-8883-005056c00001', 'EU 40', '2023-12-23 23:52:37', '2023-12-23 23:52:37'),
('c7a5cf76-07f7-459f-a525-31bc7cfefb8a', 'b8706de8-8175-4a76-9a02-798ea3869930', '256072ea-96cc-11ee-8883-005056c00001', 'EU 41', '2023-12-23 23:00:02', '2023-12-23 23:00:02'),
('c8207849-8bf5-484d-8b9c-0355aa5a22d9', 'd36f582b-f30a-4c52-a4bf-14e441fe4689', '256072ea-96cc-11ee-8883-005056c00001', 'EU 38', '2023-12-23 23:35:01', '2023-12-23 23:35:01'),
('c900f963-aa7e-4f71-a3cf-46b89f15aef8', 'b60b6594-f7c4-48e2-b6d9-46da1c8cead2', '256072ea-96cc-11ee-8883-005056c00001', 'EU 40.5', '2023-12-23 22:19:32', '2023-12-23 22:19:32'),
('c9edee4e-7e84-47b0-bb05-e3c2958c55b0', '5fcf6ac3-b8d5-4e44-9929-d49274b8963f', '256072ea-96cc-11ee-8883-005056c00001', 'EU 35.5', '2023-12-24 00:20:48', '2023-12-24 00:20:48'),
('caa214be-8a36-48bb-8000-37f7f6004d84', 'b560dbfa-fe0d-4caa-adbe-5d61253a01d4', '256072ea-96cc-11ee-8883-005056c00001', 'EU 39', '2023-12-24 00:44:16', '2023-12-24 00:44:16'),
('cb88b31c-6c43-4a84-99e6-376f0a96a0df', '22709097-e2b6-4a1a-ac72-addbacf61d08', '256072ea-96cc-11ee-8883-005056c00001', 'EU 38.5', '2023-12-23 23:59:08', '2023-12-23 23:59:08'),
('cc928ed7-95c2-410e-af35-be1979f7fad8', 'e056797c-4b7c-4d15-9392-403b93417397', '256072ea-96cc-11ee-8883-005056c00001', 'EU 39', '2023-12-23 23:08:26', '2023-12-23 23:08:26'),
('cef8a2b6-32d8-4d05-8032-e3bfc13f64d0', 'a0bbeaa0-eeec-4fca-9e51-67c301c69721', '256072ea-96cc-11ee-8883-005056c00001', 'EU 36', '2023-12-23 22:28:00', '2023-12-23 22:28:00'),
('d09ade4e-1567-42d2-98a6-96cab49c08e8', '4e00c890-9d7c-4de1-964f-12a3d687f481', '256072ea-96cc-11ee-8883-005056c00001', 'EU 39', '2023-12-23 22:55:58', '2023-12-23 22:55:58'),
('d09f55f0-ea22-4a3c-bee8-013994a35038', '5011278e-c2ee-4ae4-af34-91570a294084', '256072ea-96cc-11ee-8883-005056c00001', 'EU 39', '2023-12-23 22:52:18', '2023-12-23 22:52:18'),
('d1a2f583-df2f-4dc4-bf08-9b37aadd79e0', 'eb23c9df-b848-4f01-ab5a-555a3dd83ece', '256072ea-96cc-11ee-8883-005056c00001', 'EU 40.5', '2023-12-23 22:30:05', '2023-12-23 22:30:05'),
('d3023a45-d906-4f5e-adfa-5930ba6f2764', '236b3032-3a8f-4885-912f-24915c5b851c', '256072ea-96cc-11ee-8883-005056c00001', 'EU 43', '2023-12-23 22:39:42', '2023-12-23 22:39:42'),
('d3ad609d-2829-4373-83e7-6ba834002e62', '4605621a-59de-4094-8750-03201c2a3923', '256072ea-96cc-11ee-8883-005056c00001', 'EU 41', '2023-12-23 23:19:02', '2023-12-23 23:19:02'),
('d42666c2-fd44-419b-8ce2-2e2218bfa4b9', '005c13f1-5d88-48a2-b5df-7c632139cf5d', '256072ea-96cc-11ee-8883-005056c00001', 'EU 35.5', '2023-12-24 00:24:01', '2023-12-24 00:24:01'),
('d527c3b7-db7d-4d08-9870-900b107a03f1', '3b4f8dae-a89e-4055-a982-ec472f41cdba', '256072ea-96cc-11ee-8883-005056c00001', 'EU 38.5', '2023-12-23 23:36:31', '2023-12-23 23:36:31'),
('d5ce90f0-0d65-4899-8df6-a367fb0b08a4', '977ba539-8386-4197-82fd-623a6cd7b5bb', '256072ea-96cc-11ee-8883-005056c00001', 'EU 40', '2023-12-23 22:15:29', '2023-12-23 22:15:29'),
('d61f4448-be5c-4152-b65b-3f42a15976bb', '0a91236a-fb6e-4408-acd5-f2132450755f', '256072ea-96cc-11ee-8883-005056c00001', 'EU 37.5', '2023-12-24 00:03:22', '2023-12-24 00:03:22'),
('d8719723-03ab-45ae-9661-74ae48cad8e3', 'b0bd1595-9414-4e78-9baa-e7acf25521c8', '256072ea-96cc-11ee-8883-005056c00001', 'EU 36', '2023-12-23 23:46:06', '2023-12-23 23:46:06'),
('d8f153c8-92dd-4f1e-9c36-d560c1ca4347', '8b4e1e6a-084e-4a08-b204-fb3da95540fe', '256072ea-96cc-11ee-8883-005056c00001', 'EU 37', '2023-12-23 23:53:56', '2023-12-23 23:53:56'),
('d969475d-b88b-4d71-bcee-ec022a534305', '236b3032-3a8f-4885-912f-24915c5b851c', '256072ea-96cc-11ee-8883-005056c00001', 'EU 41', '2023-12-23 22:39:36', '2023-12-23 22:39:36'),
('d99bab17-dd6b-4fb4-add7-7fbd1dc51e57', '7d0fab10-76cd-4ff0-831f-4d2900559bdd', '256072ea-96cc-11ee-8883-005056c00001', 'EU 43', '2023-12-23 22:46:39', '2023-12-23 22:46:39'),
('db00a3e5-21bd-4a6c-9167-bed361595edd', '75741427-85fb-47cc-b29d-516e33963bdc', '256072ea-96cc-11ee-8883-005056c00001', 'EU 41', '2023-12-23 23:15:47', '2023-12-23 23:15:47'),
('db93f82e-92df-48ef-9f90-47ccf9fb5386', 'b0bd1595-9414-4e78-9baa-e7acf25521c8', '256072ea-96cc-11ee-8883-005056c00001', 'EU 35.5', '2023-12-23 23:45:56', '2023-12-23 23:45:56'),
('dc3bf9cf-5569-483f-9f39-74a8b96619d8', 'ecaee277-9218-43cc-9314-dc9a6a19b404', '256072ea-96cc-11ee-8883-005056c00001', 'EU 39', '2023-12-23 23:38:35', '2023-12-23 23:38:35'),
('dc550563-5f7d-4aa0-9092-0ee1661d458d', '4eaf5df1-a5a7-4870-b70a-04f0e8584a16', '256072ea-96cc-11ee-8883-005056c00001', 'EU 41.5', '2023-12-23 22:25:23', '2023-12-23 22:25:23'),
('dd685809-bab8-4f94-97d2-6a087cb35f4e', '8b4e1e6a-084e-4a08-b204-fb3da95540fe', '256072ea-96cc-11ee-8883-005056c00001', 'EU 38', '2023-12-23 23:54:03', '2023-12-23 23:54:03'),
('ddfb7b36-783f-46b9-8d04-545c4785258e', 'c18c5ec0-a343-4ca9-99d5-25ef0c4af291', '256072ea-96cc-11ee-8883-005056c00001', 'EU 38', '2023-12-23 22:12:52', '2023-12-23 22:12:52'),
('def7921a-994e-4d25-877b-681780783fde', '68a95282-0148-4808-ad88-6e401c6b1695', '256072ea-96cc-11ee-8883-005056c00001', 'EU 36', '2023-12-23 22:23:47', '2023-12-23 22:23:47'),
('defbe9c5-aac6-4fa0-b00b-4d05c1759d03', '0a91236a-fb6e-4408-acd5-f2132450755f', '256072ea-96cc-11ee-8883-005056c00001', 'EU 35.5', '2023-12-24 00:03:09', '2023-12-24 00:03:09'),
('e005054f-ada0-49ca-8914-deb1a39c330a', '3b4f8dae-a89e-4055-a982-ec472f41cdba', '256072ea-96cc-11ee-8883-005056c00001', 'EU 36.5', '2023-12-23 23:36:10', '2023-12-23 23:36:10'),
('e03ff980-11b8-4af6-ab55-010132ac4523', 'bbb759c8-3a59-4bf9-9184-692c0459d31e', '256072ea-96cc-11ee-8883-005056c00001', 'EU 42', '2023-12-23 23:06:36', '2023-12-23 23:06:36'),
('e09a7797-0c47-4aef-b2c5-902346b750ee', 'a1e1e1da-8e32-41e9-a9c5-4cfe871567e2', '256072ea-96cc-11ee-8883-005056c00001', 'EU 40.5', '2023-12-24 00:06:44', '2023-12-24 00:06:44'),
('e0aeed69-00d7-4511-8e9c-1719d85c79d1', '3489f4fc-0ea8-437f-a7ff-d2005e4f0286', '256072ea-96cc-11ee-8883-005056c00001', 'EU 38', '2023-12-24 00:45:49', '2023-12-24 00:45:49'),
('e20705a1-cf4d-4828-b0f5-0c971cba0068', '7696d166-4e75-4fa3-ab6c-f98e193b2f62', '256072ea-96cc-11ee-8883-005056c00001', 'EU 40', '2023-12-23 23:24:15', '2023-12-23 23:24:15'),
('e21f31b3-38be-4d20-8750-d36731c91a9e', '127c698a-5d4a-43e1-be16-5ed62992b585', '256072ea-96cc-11ee-8883-005056c00001', 'EU 40', '2023-12-23 23:04:11', '2023-12-23 23:04:11'),
('e2bc609e-c1ab-42a3-82ab-8341f3cbe969', '3489f4fc-0ea8-437f-a7ff-d2005e4f0286', '256072ea-96cc-11ee-8883-005056c00001', 'EU 36.5', '2023-12-24 00:45:55', '2023-12-24 00:45:55'),
('e2fac541-2fc9-4386-8a29-dd62b67292c5', '68a95282-0148-4808-ad88-6e401c6b1695', '256072ea-96cc-11ee-8883-005056c00001', 'EU 39', '2023-12-23 22:23:25', '2023-12-23 22:23:25'),
('e31d97b8-a93b-4bd7-bfb2-17c39acfa900', '005c13f1-5d88-48a2-b5df-7c632139cf5d', '256072ea-96cc-11ee-8883-005056c00001', 'EU 34', '2023-12-24 00:24:04', '2023-12-24 00:24:04'),
('e38f0ff7-cf09-4496-b72d-e5ce9e14f1f9', '1cd740c2-466a-4656-b1f4-49296daabcb9', '256072ea-96cc-11ee-8883-005056c00001', 'EU 38.5', '2023-12-23 23:41:33', '2023-12-23 23:41:33'),
('e52c8293-dbf6-40e7-b252-71add7ce47ff', 'a470e082-652c-4061-b2c6-bf69fef08593', '256072ea-96cc-11ee-8883-005056c00001', 'EU 36', '2023-12-23 23:32:52', '2023-12-23 23:32:52'),
('e611ec94-3f9a-4385-b4b8-8c4d6a9c365d', 'eb23c9df-b848-4f01-ab5a-555a3dd83ece', '256072ea-96cc-11ee-8883-005056c00001', 'EU 43', '2023-12-23 22:31:02', '2023-12-23 22:31:02'),
('e6aee169-30b3-45e3-a9da-944d917672ab', 'a6f8665a-e536-4b40-997f-c55e67316939', '256072ea-96cc-11ee-8883-005056c00001', 'EU 42', '2023-12-23 22:54:25', '2023-12-23 22:54:25');
INSERT INTO `product_attributes` (`attribute_id`, `product_id`, `type_id`, `attribute_value`, `created_at`, `updated_at`) VALUES
('e830549e-2588-4f5e-a7a8-cc936fd40e9a', 'c18c5ec0-a343-4ca9-99d5-25ef0c4af291', '256072ea-96cc-11ee-8883-005056c00001', 'EU 40.5', '2023-12-23 22:13:10', '2023-12-23 22:13:10'),
('e8320d9c-61cd-48b4-bc74-9f882ef0525d', '58b0519a-85bd-475b-982b-684e5454b29a', '256072ea-96cc-11ee-8883-005056c00001', 'EU 43', '2023-12-23 22:22:05', '2023-12-23 22:22:05'),
('e91cf672-ff2e-4ea9-91dd-32933016a6bf', '127c698a-5d4a-43e1-be16-5ed62992b585', '256072ea-96cc-11ee-8883-005056c00001', 'EU 42', '2023-12-23 23:04:21', '2023-12-23 23:04:21'),
('e9618811-fd4d-43bf-b22d-6ab858057d79', '166be991-dd1d-4802-8057-e367a5404fde', '256072ea-96cc-11ee-8883-005056c00001', 'EU 30', '2023-12-24 00:59:00', '2023-12-24 00:59:00'),
('e9b585e3-c468-40ac-913b-31cbe49003c7', 'd36f582b-f30a-4c52-a4bf-14e441fe4689', '256072ea-96cc-11ee-8883-005056c00001', 'EU 40', '2023-12-23 23:35:07', '2023-12-23 23:35:07'),
('e9b6944f-7787-4aab-b12e-bbae73cbfe9f', '480c231f-b9cf-41af-8b6a-17f6d023aea9', '256072ea-96cc-11ee-8883-005056c00001', 'EU 39.5', '2023-12-23 23:57:55', '2023-12-23 23:57:55'),
('e9cb06c2-d28e-4628-9e27-86bda4d00531', '8b4e1e6a-084e-4a08-b204-fb3da95540fe', '256072ea-96cc-11ee-8883-005056c00001', 'EU 39.5', '2023-12-23 23:54:09', '2023-12-23 23:54:09'),
('eaf9e951-ef3f-4ba6-9084-42cb7a73f07c', '5827e27b-0bd4-40c1-b7ad-dfcc0bd89b05', '256072ea-96cc-11ee-8883-005056c00001', 'EU 39', '2023-12-23 22:42:09', '2023-12-23 22:42:09'),
('eccf2019-6727-4e62-9319-610a6b8b1e29', '7cbdf4c9-791a-4110-9c82-f1acf8ad2e19', '256072ea-96cc-11ee-8883-005056c00001', 'EU 42', '2023-12-23 22:50:30', '2023-12-23 22:50:30'),
('edd41dd2-5f7d-4671-a620-2d40b3b53766', '7cbdf4c9-791a-4110-9c82-f1acf8ad2e19', '256072ea-96cc-11ee-8883-005056c00001', 'EU 40', '2023-12-23 22:50:20', '2023-12-23 22:50:20'),
('ede1ff30-3873-4311-a2cd-e58ca810b818', '58b0519a-85bd-475b-982b-684e5454b29a', '256072ea-96cc-11ee-8883-005056c00001', 'EU 38', '2023-12-23 22:21:42', '2023-12-23 22:21:42'),
('ee488364-99c4-48aa-adb8-6b06e6d5fddb', 'ecaee277-9218-43cc-9314-dc9a6a19b404', '256072ea-96cc-11ee-8883-005056c00001', 'EU 36', '2023-12-23 23:38:03', '2023-12-23 23:38:03'),
('ef41470e-6fe6-45bc-8acc-842a84270151', '5a45736b-b809-44dc-bc7c-d2ae9d794a5e', '256072ea-96cc-11ee-8883-005056c00001', 'EU 41', '2023-12-23 23:02:25', '2023-12-23 23:02:25'),
('efb2afbe-08a3-4347-8b88-af493aafcc92', 'a0bbeaa0-eeec-4fca-9e51-67c301c69721', '256072ea-96cc-11ee-8883-005056c00001', 'EU 38', '2023-12-23 22:28:11', '2023-12-23 22:28:11'),
('f0020b89-7e46-4256-a9f2-fff88b8b3f0e', 'b6925044-b883-49b1-96f8-4f16001a681e', '256072ea-96cc-11ee-8883-005056c00001', 'EU 38', '2023-12-23 23:55:30', '2023-12-23 23:55:30'),
('f049b48a-7b3f-45b2-8a6d-5b942fec94ce', '79333c5b-5b2f-4b5c-9555-dd75cb6471a5', '256072ea-96cc-11ee-8883-005056c00001', 'EU 43', '2023-12-23 23:10:08', '2023-12-23 23:10:08'),
('f0d24f5e-1447-466a-89f7-2ae36bfe8b8a', 'f33b8f5b-c1ef-4bef-97dd-c054777d6071', '256072ea-96cc-11ee-8883-005056c00001', 'EU 37', '2023-12-23 23:21:43', '2023-12-23 23:21:43'),
('f0d4be44-1627-429c-8240-b7289293d782', '68a95282-0148-4808-ad88-6e401c6b1695', '256072ea-96cc-11ee-8883-005056c00001', 'EU 37', '2023-12-23 22:24:11', '2023-12-23 22:24:11'),
('f38500ef-fae4-45e7-83a0-5d793287a2d5', 'a6f8665a-e536-4b40-997f-c55e67316939', '256072ea-96cc-11ee-8883-005056c00001', 'EU 37', '2023-12-23 22:54:01', '2023-12-23 22:54:01'),
('f69d3de6-78d6-4f48-8eee-d2ba43d8f1d0', 'b60b6594-f7c4-48e2-b6d9-46da1c8cead2', '256072ea-96cc-11ee-8883-005056c00001', 'EU 43', '2023-12-23 22:19:46', '2023-12-23 22:19:46'),
('f9294f3b-667a-488f-9272-502a7707f90a', 'bbb759c8-3a59-4bf9-9184-692c0459d31e', '256072ea-96cc-11ee-8883-005056c00001', 'EU 39', '2023-12-23 23:06:09', '2023-12-23 23:06:09'),
('f95df9d2-ce62-41cb-8ee9-6d81aa50bfa1', 'a0bbeaa0-eeec-4fca-9e51-67c301c69721', '256072ea-96cc-11ee-8883-005056c00001', 'EU 41', '2023-12-23 22:28:28', '2023-12-23 22:28:28'),
('fa9a81b2-f3e3-462b-8e0f-e3a66f6b549d', 'f23a363c-67d6-41ae-8839-f2c573088759', '256072ea-96cc-11ee-8883-005056c00001', 'EU 38', '2023-12-23 22:58:32', '2023-12-23 22:58:32'),
('fb0e3e06-2f11-46dc-887f-50d16fd3e097', '58b0519a-85bd-475b-982b-684e5454b29a', '256072ea-96cc-11ee-8883-005056c00001', 'EU 40.5', '2023-12-23 22:21:53', '2023-12-23 22:21:53'),
('fc08e2d2-477a-4a20-8a99-2b9b83908ac9', '4e00c890-9d7c-4de1-964f-12a3d687f481', '256072ea-96cc-11ee-8883-005056c00001', 'EU 41', '2023-12-23 22:56:07', '2023-12-23 22:56:07'),
('fcbd9bcc-68ed-4432-a5d0-1339e7b38146', '977ba539-8386-4197-82fd-623a6cd7b5bb', '256072ea-96cc-11ee-8883-005056c00001', 'EU 36', '2023-12-23 23:27:54', '2023-12-23 23:27:54'),
('fd59bd29-3c6b-4f9e-9a26-ad6dfc94d017', '236b3032-3a8f-4885-912f-24915c5b851c', '256072ea-96cc-11ee-8883-005056c00001', 'EU 40', '2023-12-23 22:39:33', '2023-12-23 22:39:33'),
('fe7af195-eafa-4a6d-ba87-401db642fcf5', '977ba539-8386-4197-82fd-623a6cd7b5bb', '256072ea-96cc-11ee-8883-005056c00001', 'EU 39', '2023-12-23 22:15:22', '2023-12-23 22:15:22'),
('feb8754f-4a1f-4622-8d2c-39fcdd5a0438', '7cbdf4c9-791a-4110-9c82-f1acf8ad2e19', '256072ea-96cc-11ee-8883-005056c00001', 'EU 38', '2023-12-23 22:50:15', '2023-12-23 22:50:15');

-- --------------------------------------------------------

--
-- Table structure for table `types`
--

CREATE TABLE `types` (
  `type_id` char(36) COLLATE utf8mb4_unicode_ci NOT NULL,
  `type_name` varchar(20) COLLATE utf8mb4_unicode_ci NOT NULL,
  `created_at` timestamp NULL DEFAULT NULL,
  `updated_at` timestamp NULL DEFAULT NULL
) ENGINE=InnoDB DEFAULT CHARSET=utf8mb4 COLLATE=utf8mb4_unicode_ci;

--
-- Dumping data for table `types`
--

INSERT INTO `types` (`type_id`, `type_name`, `created_at`, `updated_at`) VALUES
('256072ea-96cc-11ee-8883-005056c00001', 'Size', NULL, NULL);

-- --------------------------------------------------------

--
-- Table structure for table `users`
--

CREATE TABLE `users` (
  `id` bigint UNSIGNED NOT NULL,
  `role` tinyint(1) NOT NULL DEFAULT '0',
  `name` varchar(255) COLLATE utf8mb4_unicode_ci NOT NULL,
  `email` varchar(255) COLLATE utf8mb4_unicode_ci NOT NULL,
  `email_verified_at` timestamp NULL DEFAULT NULL,
  `password` varchar(255) COLLATE utf8mb4_unicode_ci NOT NULL,
  `remember_token` varchar(100) COLLATE utf8mb4_unicode_ci DEFAULT NULL,
  `created_at` timestamp NULL DEFAULT NULL,
  `updated_at` timestamp NULL DEFAULT NULL
) ENGINE=InnoDB DEFAULT CHARSET=utf8mb4 COLLATE=utf8mb4_unicode_ci;

--
-- Dumping data for table `users`
--

INSERT INTO `users` (`id`, `role`, `name`, `email`, `email_verified_at`, `password`, `remember_token`, `created_at`, `updated_at`) VALUES
(1, 1, 'Nguyễn Hoài Duy', 'zduy116@gmail.com', NULL, '$2y$12$j0i69aJbxG6AzluUxea4QuriNpGKSKdU/zjSYqzrHMNcAohacmO.W', NULL, '2023-12-23 22:01:00', '2023-12-23 22:01:00'),
(2, 0, 'Nguyễn Hoài Duy', 'zduy55@gmail.com', NULL, '$2y$12$vWPOa0O5o2Oqq3oELInd0Og1hn8ZuLqmoGKNjzBwpaji9Uyg4xhcG', NULL, '2023-12-24 19:56:49', '2023-12-24 19:56:49');

--
-- Indexes for dumped tables
--

--
-- Indexes for table `brands`
--
ALTER TABLE `brands`
  ADD PRIMARY KEY (`brand_id`);

--
-- Indexes for table `categories`
--
ALTER TABLE `categories`
  ADD PRIMARY KEY (`category_id`);

--
-- Indexes for table `customers`
--
ALTER TABLE `customers`
  ADD PRIMARY KEY (`customer_id`),
  ADD UNIQUE KEY `customers_email_unique` (`email`);

--
-- Indexes for table `detail_orders`
--
ALTER TABLE `detail_orders`
  ADD PRIMARY KEY (`order_id`,`product_id`,`attribute_id`),
  ADD KEY `detail_orders_product_id_foreign` (`product_id`),
  ADD KEY `detail_orders_attribute_id_foreign` (`attribute_id`);

--
-- Indexes for table `migrations`
--
ALTER TABLE `migrations`
  ADD PRIMARY KEY (`id`);

--
-- Indexes for table `orders`
--
ALTER TABLE `orders`
  ADD PRIMARY KEY (`order_id`),
  ADD KEY `orders_customer_id_foreign` (`customer_id`);

--
-- Indexes for table `personal_access_tokens`
--
ALTER TABLE `personal_access_tokens`
  ADD PRIMARY KEY (`id`),
  ADD UNIQUE KEY `personal_access_tokens_token_unique` (`token`),
  ADD KEY `personal_access_tokens_tokenable_type_tokenable_id_index` (`tokenable_type`,`tokenable_id`);

--
-- Indexes for table `products`
--
ALTER TABLE `products`
  ADD PRIMARY KEY (`product_id`),
  ADD KEY `products_brand_id_foreign` (`brand_id`),
  ADD KEY `products_category_id_foreign` (`category_id`);

--
-- Indexes for table `product_attributes`
--
ALTER TABLE `product_attributes`
  ADD PRIMARY KEY (`attribute_id`),
  ADD KEY `product_attributes_product_id_foreign` (`product_id`),
  ADD KEY `product_attributes_type_id_foreign` (`type_id`);

--
-- Indexes for table `types`
--
ALTER TABLE `types`
  ADD PRIMARY KEY (`type_id`);

--
-- Indexes for table `users`
--
ALTER TABLE `users`
  ADD PRIMARY KEY (`id`),
  ADD UNIQUE KEY `users_email_unique` (`email`);

--
-- AUTO_INCREMENT for dumped tables
--

--
-- AUTO_INCREMENT for table `migrations`
--
ALTER TABLE `migrations`
  MODIFY `id` int UNSIGNED NOT NULL AUTO_INCREMENT, AUTO_INCREMENT=11;

--
-- AUTO_INCREMENT for table `personal_access_tokens`
--
ALTER TABLE `personal_access_tokens`
  MODIFY `id` bigint UNSIGNED NOT NULL AUTO_INCREMENT;

--
-- AUTO_INCREMENT for table `users`
--
ALTER TABLE `users`
  MODIFY `id` bigint UNSIGNED NOT NULL AUTO_INCREMENT, AUTO_INCREMENT=3;

--
-- Constraints for dumped tables
--

--
-- Constraints for table `detail_orders`
--
ALTER TABLE `detail_orders`
  ADD CONSTRAINT `detail_orders_attribute_id_foreign` FOREIGN KEY (`attribute_id`) REFERENCES `product_attributes` (`attribute_id`),
  ADD CONSTRAINT `detail_orders_order_id_foreign` FOREIGN KEY (`order_id`) REFERENCES `orders` (`order_id`),
  ADD CONSTRAINT `detail_orders_product_id_foreign` FOREIGN KEY (`product_id`) REFERENCES `products` (`product_id`);

--
-- Constraints for table `orders`
--
ALTER TABLE `orders`
  ADD CONSTRAINT `orders_customer_id_foreign` FOREIGN KEY (`customer_id`) REFERENCES `customers` (`customer_id`);

--
-- Constraints for table `products`
--
ALTER TABLE `products`
  ADD CONSTRAINT `products_brand_id_foreign` FOREIGN KEY (`brand_id`) REFERENCES `brands` (`brand_id`),
  ADD CONSTRAINT `products_category_id_foreign` FOREIGN KEY (`category_id`) REFERENCES `categories` (`category_id`);

--
-- Constraints for table `product_attributes`
--
ALTER TABLE `product_attributes`
  ADD CONSTRAINT `product_attributes_product_id_foreign` FOREIGN KEY (`product_id`) REFERENCES `products` (`product_id`),
  ADD CONSTRAINT `product_attributes_type_id_foreign` FOREIGN KEY (`type_id`) REFERENCES `types` (`type_id`);
COMMIT;

/*!40101 SET CHARACTER_SET_CLIENT=@OLD_CHARACTER_SET_CLIENT */;
/*!40101 SET CHARACTER_SET_RESULTS=@OLD_CHARACTER_SET_RESULTS */;
/*!40101 SET COLLATION_CONNECTION=@OLD_COLLATION_CONNECTION */;
